id,domain,status,purchase_price,renewal_price,attractiveness,demand,length,registrar,created_at,expires_at,status_verified_at
be922fa6-955f-4a70-a418-50c8924a1e45,triathlon.bayern,expired,,,high,low,9,Secura GmbH,30/09/2014 10:00,30/09/2026 10:00,07/10/2026 05:08
9ab9bc1f-f3fe-4fb4-ae21-955db149a247,confused.earth,expired,,,high,low,8,IONOS SE,08/09/2020 21:59,08/09/2026 21:59,07/10/2026 04:57
20501b36-745a-4d75-8fad-893e8ff9ca07,data.wedding,expired,,,high,medium,4,Porkbun,11/09/2021 00:20,11/09/2026 00:20,07/10/2026 07:43
d02aa6fd-6817-4fc8-ae49-eb7a1b005e67,sane.biz,expired,,,high,low,4,"GoDaddy.com, LLC",30/08/2024 05:19,30/08/2026 05:19,07/10/2026 04:53
8174563f-a869-40ff-b28c-b38deecbe4fc,sable.design,expired,,,high,low,5,"GoDaddy.com, LLC",12/08/2025 13:45,12/08/2026 13:45,07/10/2026 04:47
88f00165-68ad-482b-8ea6-af1d729c9230,lunar.flights,expired,,,high,medium,5,Porkbun LLC,26/07/2017 14:29,26/07/2026 14:29,07/10/2026 04:37
bad6c7a5-078d-419b-9984-b8e43249b1bd,nonrandom.xyz,expired,,,medium,low,9,"GoDaddy.com, LLC",23/07/2024 15:13,23/07/2026 23:59,07/10/2026 04:34
ef213aef-ed84-4108-a2a0-6a643e352e50,rents.it,expired,,,high,low,5,,14/09/2011 04:51,29/09/2026 00:00,07/10/2026 05:07
5c5ff46c-83b2-4639-9ba9-b19a9d39b194,eclipse.video,expired,,,high,medium,7,Dynadot Inc,26/07/2025 17:00,26/07/2026 17:00,07/10/2026 04:37
dbed1e53-f9ba-4ad6-8480-3f4a5de19a3e,naturally.beer,expired,,,high,low,9,"Spaceship, Inc.",11/08/2025 19:02,11/08/2026 19:02,07/10/2026 04:47
e07e0783-de78-48f5-b550-ca01a4934adf,finale.beer,expired,,,high,low,6,"NameCheap, Inc.",06/10/2025 11:41,06/10/2026 11:41,07/10/2026 05:13
a5514c01-6fb2-40bd-81be-bfb955946eba,alert.onl,expired,,,high,low,5,"NameSilo, LLC",10/08/2025 04:21,10/08/2026 04:21,07/10/2026 04:46
7bb1dc38-e394-41fe-be41-7d72c3efe558,sos.ninja,expired,,,high,medium,3,"Amazon Registrar, Inc.",12/08/2022 22:17,12/08/2026 22:17,07/10/2026 04:47
c61a116e-e56e-4a06-9930-b0a91af51663,specter.finance,expired,,,high,low,7,"Amazon Registrar, Inc.",22/07/2020 17:45,22/07/2026 17:45,07/10/2026 04:33
1650478c-8985-4c6c-aa3a-54bcf7129e90,adel.earth,expired,,,high,low,4,Porkbun,05/10/2025 20:16,05/10/2026 20:16,07/10/2026 05:13
be7289b3-fa77-4f3c-b8d0-7991f44e0708,blinker.at,expired,,,high,high,7,eu-maia.at web invest gmbh & co KG ( https://nic.at/registrar/688 ),,,06/10/2026 02:22
e7ffb1b1-0f90-4ef0-b749-08e57b7984c3,stark.shopping,expired,,,high,medium,5,Domain Science Kutatási Szolgáltató Korlátolt Felelősségű Társaság,30/09/2025 15:15,30/09/2026 15:15,07/10/2026 05:08
a64c077f-7797-4e78-acb9-7771d1297ff9,absorb.casa,expired,,,high,low,6,"NameCheap, Inc.",07/08/2025 09:18,07/08/2026 09:18,07/10/2026 04:45
7e26adaa-eb35-419e-a08f-40570df7de05,element.technology,expired,,,high,low,7,"Spaceship, Inc.",03/08/2025 17:32,03/08/2026 17:32,07/10/2026 10:44
5b66ad65-ba78-4128-8d2b-b0a52d47ec07,check.fan,expired,,,high,medium,5,1API GmbH,10/09/2023 15:04,10/09/2026 15:04,07/10/2026 04:58
afaf0ef7-16cb-4cb7-ab10-dae9c34210aa,show.science,expired,,,high,low,4,Porkbun,03/10/2019 17:16,03/10/2026 17:16,07/10/2026 05:11
49f7fa25-188a-4a5d-ab41-5b9e085f3436,orderly.it,expired,,,high,low,7,,18/08/2015 09:00,29/09/2026 00:00,07/10/2026 05:07
974847f2-93bf-4ad4-ad33-5b8fe3c42c82,five.mobi,expired,,,high,low,4,"Sav.com, LLC",21/07/2023 04:18,21/07/2026 04:18,07/10/2026 04:31
51eccfff-8301-4990-a186-a08e073d061f,axiom.wtf,expired,,,high,medium,5,"Sav.com, LLC - 10",20/07/2025 15:15,20/07/2026 15:15,07/10/2026 04:31
06156fbf-6644-41fd-bafa-301d54892757,hervey.casa,expired,,,medium,low,6,"NameCheap, Inc.",04/10/2025 06:27,04/10/2026 06:27,07/10/2026 05:12
4fe085f6-9d94-476e-8397-c3ec2d79ff66,confident.support,expired,,,high,low,9,"GoDaddy.com, LLC",01/08/2023 11:39,01/08/2026 11:39,07/10/2026 04:41
f7914cb6-315a-43b3-9840-24878ad8d342,blood.directory,expired,,,high,low,5,"NameCheap, Inc.",24/07/2025 15:16,24/07/2026 15:16,07/10/2026 04:35
20fc8a06-3356-4497-8cf2-b20806c4e65f,typing.at,expired,,,high,low,6,InterNetX GmbH ( https://nic.at/registrar/80 ),,,30/09/2026 14:07
bfc700f7-b238-4fb8-99e8-8341b372e726,relocated.casa,expired,,,high,low,9,"NameCheap, Inc.",14/09/2025 12:08,14/09/2026 12:08,07/10/2026 04:59
4095470f-1fb5-4cb7-975e-c738cd08177e,businesses.sbs,expired,,,high,low,10,"NameSilo, LLC",03/08/2025 16:43,03/08/2026 23:59,07/10/2026 04:43
ada401c8-bc29-401a-ad6c-7b774a7ac961,siberian.us,expired,,,high,low,8,"Spaceship, Inc.",05/09/2024 00:00,05/09/2026 00:00,07/10/2026 04:55
f8ea158d-f14e-4b1c-804a-06776bc6ed66,care.cool,expired,,,high,medium,4,"DNSPod, Inc.",14/08/2020 13:08,14/08/2026 13:08,07/10/2026 04:47
d037e7d8-b3a1-4ba7-b39c-6cd4aabaa3f1,company.one,expired,,,high,low,7,"Spaceship, Inc.",03/09/2025 12:29,03/09/2026 12:29,07/10/2026 06:01
2a94d695-ba8a-45ae-b285-96aa6888d081,waken.biz,expired,,,high,low,5,"Japan Registry Services Co., Ltd.",29/08/2005 01:46,28/08/2026 23:59,07/10/2026 04:53
45e96b29-b4b4-4e31-8131-0b0b6d234c37,summit.nyc,expired,,,high,medium,6,"GoDaddy.com, LLC",01/10/2020 17:33,01/10/2026 17:33,07/10/2026 05:09
7661f8e7-9093-46d2-87c4-1a5b2d0a4d89,transylvania.one,expired,,,high,low,12,Key-Systems LLC,24/08/2016 08:45,24/08/2026 08:45,07/10/2026 04:51
4051a61b-6c29-4057-ac83-00a49e2273c9,quietly.club,expired,,,high,low,7,"NameCheap, Inc.",26/07/2024 11:57,26/07/2026 11:57,07/10/2026 04:37
053942ac-6600-403b-97fc-1ec281ab64b6,edistribution.so,expired,,,high,high,14,,,,
38ca5943-c88b-4dca-ae96-03ccf4cd089c,daze.at,expired,,,high,low,4,Domainers Registrar AG ( https://nic.at/registrar/668 ),,,04/10/2026 11:12
b74d21e8-4051-4998-b9e4-821e6203256f,fucking.beer,expired,,,high,low,7,Key-Systems LLC,10/09/2019 10:51,10/09/2026 10:51,07/10/2026 04:58
d5284236-cbab-46c8-8ad8-930219b52d46,octal.de,expired,,,medium,low,5,,,,04/09/2026 00:39
7d7a8014-65e7-4be6-90c0-98692a87cc3f,leading.info,expired,,,high,low,7,"NameCheap, Inc.",08/08/2018 10:11,08/08/2026 10:11,07/10/2026 04:45
b418731c-b96b-43e7-b071-7ca0e0618912,check.directory,expired,,,high,medium,5,Domain Science Kutatási Szolgáltató Korlátolt Felelősségű Társaság,02/09/2025 15:15,02/09/2026 15:15,07/10/2026 04:54
97b2fd88-efba-4eec-b4ac-5fc28701128a,make.earth,expired,,,high,medium,4,"Sav.com, LLC - 2",27/07/2025 00:00,27/07/2026 00:00,07/10/2026 04:37
db2e7b9a-62df-43ca-b61c-6a850cb0a1e9,shaft.it,expired,,,high,low,5,,01/06/2013 19:20,04/10/2026 00:00,07/10/2026 05:11
7bc4a0ee-a17a-4205-bf19-43d014bc6916,iconoscope.it,expired,,,high,high,10,,,,
38c333a8-19a9-4e4f-b1c9-9d7dedfd122c,fix.xxx,expired,,,high,low,3,"GoDaddy.com, LLC",09/09/2022 04:54,09/09/2026 04:54,07/10/2026 18:14
2e7c4f7d-e321-451f-9f60-08bda71e6013,aranea.vip,expired,,,medium,low,6,"GoDaddy.com, LLC",05/10/2025 12:41,05/10/2026 12:41,07/10/2026 05:12
170d908f-7438-4c12-8bfa-e55b04f87e4a,cooking.cafe,expired,,,high,low,7,Domain Science Kutatási Szolgáltató Korlátolt Felelősségű Társaság,05/09/2025 15:15,05/09/2026 15:15,07/10/2026 04:55
61ff5240-b9f9-45ae-8d06-e046f2ef7009,nomadic.tv,expired,,,high,low,7,"GoDaddy.com, LLC",21/09/2015 05:17,21/09/2026 05:17,07/10/2026 05:02
528c5b61-e86c-4192-b3b6-55093a2a66e2,feline.casa,expired,,,high,low,6,"NameCheap, Inc.",02/09/2025 11:03,02/09/2026 11:03,07/10/2026 04:54
d2d75e41-7e8a-4b07-9202-fee7cd17ff3c,anti.zone,expired,,,high,low,4,"Chengdu West Dimension Digital Technology Co., Ltd.",29/07/2025 12:12,29/07/2026 12:12,07/10/2026 04:39
eb4f6eae-7ced-4019-b7db-8bfce540c930,rosales.us,expired,,,high,low,7,Sav.com LLC,29/09/2025 12:44,29/09/2026 12:44,07/10/2026 05:08
63bcf43c-9b4e-4f11-abd4-54f91831cd44,prompts.it,expired,,,high,medium,7,,24/09/2012 11:41,07/10/2026 00:00,07/10/2026 05:17
751f94c6-4061-4714-a2b5-e4bf846cec0a,keen.health,expired,,,high,low,4,"GoDaddy.com, LLC",28/09/2020 21:59,28/09/2026 21:59,07/10/2026 05:07
5166e506-7f52-40f1-bdc3-bcd5c3835acf,caged.cafe,expired,,,medium,low,5,Porkbun LLC,02/08/2023 21:00,02/08/2026 21:00,07/10/2026 04:42
4d634c5b-94cf-4e78-b012-0e768427fc97,order.lat,expired,,,high,medium,5,Dynadot Inc,01/08/2025 02:02,01/08/2026 23:59,07/10/2026 04:42
4a964dbb-c16a-4183-b127-f0b475342e53,acre.red,expired,,,high,low,4,Squarespace Domains II LLC,04/08/2025 16:04,04/08/2026 16:04,07/10/2026 04:43
6498c115-71b4-4f07-a545-61c1d86fda13,feels.it,expired,,,high,low,5,,27/09/2020 16:00,27/09/2026 00:00,07/10/2026 05:06
07070139-47d4-45ec-b7c6-290bc1c46191,independent.at,expired,,,high,low,11,edomains LLC ( https://nic.at/registrar/728 ),,,01/10/2026 00:33
ecde1d31-838c-4632-a901-835f998f14f8,card.surf,expired,,,high,medium,4,"NameCheap, Inc.",23/09/2025 02:22,23/09/2026 02:22,07/10/2026 05:04
0ea406f5-320f-4cdb-bda9-78028b7cbba2,bald.trade,expired,,,medium,low,4,"NameCheap, Inc.",25/07/2025 15:25,25/07/2026 15:25,07/10/2026 04:36
5ab2ad49-8e76-49f9-be15-326e4538f66d,abysmal.so,expired,68.98,,high,low,7,namecheap,,,
55ac658b-d5fe-42c9-9ab9-2ba41238d7f5,ironic.cv,expired,,,high,low,6,Dynadot,28/09/2025 00:04,28/09/2026 00:04,07/10/2026 05:07
36b08895-a53d-43bd-8af0-652f6bea67b1,simply.camp,expired,,,high,medium,6,"Sav.com, LLC",25/07/2025 17:07,25/07/2026 17:07,07/10/2026 04:36
369826d4-70b6-418b-bf3c-6ff778d800e7,microbiome.uk,expired,,,high,low,10,Greg Findley,03/10/2020 13:13,03/10/2026 13:13,07/10/2026 05:11
cb5763ee-266b-4d3e-8593-ef9b99b7c7b6,eightfold.ink,expired,,,medium,low,9,"GoDaddy.com, LLC",31/07/2025 14:59,31/07/2026 14:59,07/10/2026 04:41
f6aeb00c-c3d9-462d-95f0-fde3ceefa4eb,public.it,expired,,,high,low,6,,23/09/2025 09:00,01/10/2026 00:00,07/10/2026 05:09
08b3e93a-e9be-4e49-adcb-de31f4f9844a,values.one,expired,,,high,low,6,"Spaceship, Inc.",22/09/2023 10:15,22/09/2026 10:15,07/10/2026 05:03
78b68596-85b6-4dab-a5b1-ed08095e9ee5,subliminal.one,expired,,,high,low,10,"GoDaddy.com, LLC",29/08/2025 19:42,29/08/2026 19:42,07/10/2026 04:53
033b1baf-cdb7-4f14-b1e5-b225a98012f7,portsmouth.us,expired,,,high,low,10,Porkbun,23/09/2014 18:04,22/09/2026 23:59,07/10/2026 05:03
0eafe6fd-bb53-4b35-bee8-45994f85662e,dataflow.eu,expired,,,high,low,9,Name: Zucchetti Spa Website: www.zucchetti.it,,,24/08/2026 06:18
be4a9593-767c-4959-b24a-fe45f51f8a6e,colossal.team,expired,,,high,low,8,Domain Science Kutatási Szolgáltató Korlátolt Felelősségű Társaság,06/09/2025 15:16,06/09/2026 15:16,07/10/2026 04:56
6bb2463d-3a30-4341-b5c5-d6bbaff02455,homely.church,expired,,,high,low,6,Domain Science Kutatási Szolgáltató Korlátolt Felelősségű Társaság,11/09/2025 15:15,11/09/2026 15:15,07/10/2026 04:58
ef9585ff-0e83-4642-b0e1-6e7fc8dfd36f,road.rodeo,expired,,,high,low,4,Porkbun,01/08/2025 17:29,01/08/2026 17:29,07/10/2026 04:42
003c7cdd-4361-4605-9046-f71362982035,aww.gg,expired,,,high,high,3,Porkbun LLC (https://porkbun.com/),,,
e7f89f1b-91b9-4e4b-a3b4-f91ec9f4f5ae,launch.beer,expired,,,high,medium,6,"Spaceship, Inc.",11/08/2025 16:07,11/08/2026 16:07,07/10/2026 21:45
27bc2062-0e36-417f-b04e-075e4b3ba619,workout.company,expired,,,high,low,7,"Sav.com, LLC - 31",31/07/2024 15:15,31/07/2026 15:15,07/10/2026 04:41
5a7d11c5-8247-45f2-9ff3-a691a3631cb1,minsk.it,expired,,,medium,low,5,,13/02/2008 15:37,26/09/2026 00:00,07/10/2026 05:05
8ce24f2d-f3e6-4dcd-a957-74a327b8fe8d,mute.biz,expired,,,high,low,4,"NameCheap, Inc.",13/09/2021 11:41,13/09/2026 11:41,07/10/2026 04:59
ca3619cb-7225-4ec7-8591-58f188417c2e,ecru.world,expired,,,medium,low,4,"Network Solutions, LLC",13/08/2025 07:59,13/08/2026 07:59,07/10/2026 07:37
63dbec66-f1dc-4e6f-bd24-ccfe9c580b98,speed.stream,expired,,,high,medium,5,"NameSilo, LLC",28/08/2024 18:59,28/08/2026 18:59,07/10/2026 04:53
51bfb236-dd75-4952-9aaa-9e952efafc98,darkroom.club,expired,,,high,low,8,Bluehost Inc.,25/09/2023 18:31,25/09/2026 18:31,07/10/2026 05:05
7cedfe49-6641-4daf-8630-b1454a3c7260,hutch.photo,expired,,,high,low,5,"GoDaddy.com, LLC",29/09/2016 18:22,29/09/2026 18:22,07/10/2026 05:07
24e9a0d3-5810-43bb-8ce3-9e4bfa51b26f,transparency.life,expired,,,high,low,12,"Sav.com, LLC - 39",22/07/2025 15:16,22/07/2026 15:16,07/10/2026 04:33
812eb606-3a7d-487a-8714-e4342d9c04db,diverse.de,expired,,,high,low,7,,,,14/08/2026 13:39
9d6618f9-1369-4402-9977-837a9d3360e6,mockery.design,expired,,,medium,low,7,"GoDaddy.com, LLC",08/08/2020 21:58,08/08/2026 23:59,07/10/2026 04:46
edbeed31-e1a1-4213-ae03-457e5bbf3244,pineal.us,expired,,,high,medium,6,"GoDaddy.com, LLC",10/09/2024 18:16,10/09/2026 18:16,07/10/2026 04:58
b14be25c-9f2a-4fa4-85b1-5cd161121df0,dress.deals,expired,,,high,low,5,Epik LLC,26/07/2022 00:09,26/07/2026 00:09,07/10/2026 04:36
6f3a49a2-b67f-4b50-a426-dc77182dfe8a,offspring.it,expired,,,high,low,9,,29/09/2003 00:00,24/09/2026 00:00,07/10/2026 05:04
9a7d412a-06e2-42a2-9146-1fc1bf8339c7,pasty.de,expired,,,medium,low,5,,,,20/08/2026 15:21
1c5832a8-d567-4f93-a1ba-d78a1d8574ea,floater.us,expired,,,high,low,7,united-domains GmbH,07/10/2015 06:10,06/10/2026 23:59,07/10/2026 05:16
3e6ea2fa-67e6-4930-bdca-b45aa9cd5fca,requisite.it,expired,,,high,low,9,,12/07/2005 00:00,27/08/2027 00:00,22/09/2026 17:16
e1f42fc2-2fdf-4841-8869-a6da4a8a98b0,sour.one,expired,,,high,low,4,Dynadot Inc,01/10/2025 17:15,01/10/2026 17:15,07/10/2026 05:09
ba58d033-8fad-40bb-bbda-9dde62c6d0ad,hanker.beer,expired,,,medium,low,6,"NameCheap, Inc.",22/08/2025 20:19,22/08/2026 20:19,07/10/2026 04:50
f5a1b99e-6fe4-49f9-ad17-1b78d5f18752,warrior.law,expired,,,high,low,7,Porkbun,28/09/2021 17:33,28/09/2026 17:33,07/10/2026 05:07
336dbb02-a378-46df-bf8c-fde55266b701,often.uk,expired,,,high,low,5,UK Internet Services Ltd,20/09/2021 07:13,20/09/2026 07:13,07/10/2026 05:02
86d8b289-37f0-466b-9aa4-2417e1329f6e,loco.markets,expired,,,high,low,4,"NameCheap, Inc.",07/08/2023 06:40,07/08/2026 06:40,07/10/2026 04:45
4a8ba3cb-8df8-460f-9186-8efe7dda9326,vegan.beer,expired,,,high,medium,5,"Spaceship, Inc.",16/09/2025 10:36,16/09/2026 10:36,07/10/2026 05:00
040b35e6-6fe2-42ac-8c08-0ca214fc5fc4,united.ac,expired,,,high,medium,6,"Sav.com, LLC - 32",25/07/2023 17:00,25/07/2026 17:00,07/10/2026 04:36
2e9b1dd9-ec32-459a-b493-0fedc36f43eb,dont.info,expired,,,low,low,4,"Sav.com, LLC - 4",30/07/2025 15:16,30/07/2026 15:16,07/10/2026 04:40
11cfe00d-357a-463f-9ab5-af472d38925e,aunty.tel,expired,,,high,low,5,Key-Systems GmbH,28/09/2022 09:20,28/09/2026 09:20,07/10/2026 05:07
da61af5a-a06f-499a-aa12-66babe059338,frank.pictures,expired,,,high,medium,5,united-domains GmbH,21/07/2019 08:37,21/07/2026 08:37,07/10/2026 04:31
93f4ec98-4e3b-4956-bcb6-4e0d67184131,study.luxe,expired,,,high,low,5,"Sav.com, LLC - 3",29/07/2025 00:00,29/07/2026 00:00,07/10/2026 04:39
ce2fa5e4-3847-4e9e-a7d3-b9312bd8b809,former.casa,expired,,,high,low,6,"NameCheap, Inc.",02/09/2025 11:09,02/09/2026 11:09,07/10/2026 04:54
41738e2f-2bc0-4497-b191-03c39846b44c,internet.bayern,expired,,,high,medium,8,united-domains AG,02/10/2014 05:40,02/10/2026 05:40,08/10/2026 03:05
aec80cf2-0876-4932-988a-96a31c3a1974,aggregate.work,expired,,,high,low,9,"NameCheap, Inc.",12/08/2024 16:30,12/08/2026 16:30,07/10/2026 04:47
b92bd58a-c388-4d9b-859c-b7280634839e,saute.asia,expired,,,high,low,5,"GMO Internet Group, Inc. d/b/a Onamae.com",24/07/2025 13:45,24/07/2026 13:45,07/10/2026 04:35
71441752-271c-4df1-9c9c-41798714d4df,alcoholism.uk,expired,,,medium,low,10,Enterfirst Ltd,07/10/2015 04:00,07/10/2026 04:00,07/10/2026 05:17
46c224b0-4e47-4e67-9210-c8dcc3094091,liquid.buzz,expired,,,high,high,6,"GoDaddy.com, LLC",29/08/2024 21:39,29/08/2026 21:39,07/10/2026 04:53
823d6556-2490-4e3b-b31e-096e5efe6637,techno.tours,expired,,,high,low,6,Dynadot Inc,26/07/2025 17:00,26/07/2026 17:00,07/10/2026 04:37
e3b7ec9d-7169-43d0-982b-88b22b8eeb22,bag.earth,expired,,,high,low,3,"GoDaddy.com, LLC",04/09/2025 09:13,04/09/2026 09:13,07/10/2026 04:55
31415eea-9573-425b-80c1-e8343228e381,unshackled.it,expired,,,medium,low,10,,,,12/09/2026 04:58
a6a98fc9-171c-4331-8774-087920cc803f,zillion.support,expired,,,high,low,7,"Spaceship, Inc.",29/07/2025 17:54,29/07/2026 17:54,07/10/2026 04:40
fa5c9008-ce3f-4387-af99-ab7c04ed91ae,anti.video,expired,,,high,low,4,"Name.com, Inc.",01/08/2025 04:23,01/08/2027 04:23,05/10/2026 22:55
d6aed1de-5397-4247-affd-fadec0a48dd8,unalterably.it,expired,,,high,medium,11,,,,
431c841b-aed9-448e-9672-9963910efb13,purplish.cat,expired,,,high,medium,8,Tucows Domains Inc.,09/08/2020 04:12,09/08/2026 04:12,07/10/2026 04:46
522522a8-9ad3-414a-9679-791eab5f3289,intrench.so,expired,,,high,high,8,,,,
ec3ed3df-6a90-45c2-8090-fddc8d6a82eb,only.bid,expired,,,high,medium,4,"Chengdu West Dimension Digital Technology Co., Ltd.",26/08/2016 17:26,25/08/2026 23:59,07/10/2026 04:52
e5541988-9fd0-4f22-9266-53769983d5a7,fullscreen.so,expired,,,high,high,10,,,,
b369c7ad-fcc6-48d4-8575-fc8848cfb892,perks.casino,expired,,,high,low,5,"GoDaddy.com, LLC",26/07/2025 06:52,26/07/2026 06:52,07/10/2026 04:37
ca9fb0d3-6159-4f4e-b024-f6a4fd4855fb,covert.garden,expired,,,high,low,6,"Cloudflare, Inc.",18/09/2024 16:26,18/09/2026 16:26,07/10/2026 05:01
232e26ae-0da6-4b0e-927b-38787c74e43b,nada.uk,expired,,,high,low,4,Jonathan Gregory t/a isurveyor.com,15/09/2018 20:07,15/09/2026 20:07,07/10/2026 05:00
c99547ab-0492-479f-8450-4893ccab809c,eggs.club,expired,,,high,low,4,1API GmbH,07/10/2015 14:09,06/10/2026 23:59,07/10/2026 05:16
635d7dcd-d0ef-493d-b763-da2049974bda,alamo.best,expired,,,high,medium,5,Dynadot Inc,24/07/2025 22:54,24/07/2026 23:59,07/10/2026 04:35
26c53ad6-9096-4e02-9155-53d427802ee6,lot.pro,expired,,,high,low,3,"Name.com, Inc.",31/07/2025 22:50,31/07/2027 22:50,05/10/2026 04:53
2c2860f8-4204-4286-8982-6e594e0783c9,negative.photography,expired,,,high,low,8,Domain Science Kutatási Szolgáltató Korlátolt Felelősségű Társaság,04/09/2025 15:15,04/09/2026 15:15,07/10/2026 04:55
81f21b37-29a8-41f0-ace8-1912ab6c2e23,automated.works,expired,,,high,low,9,"Spaceship, Inc.",07/08/2025 13:10,07/08/2026 13:10,07/10/2026 04:45
1d65d8cf-0911-4f2d-afc3-99583bea7f11,imagine.online,expired,,,high,medium,7,"NameCheap, Inc.",06/08/2025 20:47,06/08/2026 23:59,07/10/2026 04:45
60c31cfc-89ae-45d9-815d-2ebb73326bb3,your.tel,expired,,,high,medium,4,Dynadot Inc,03/10/2017 01:03,03/10/2026 01:03,07/10/2026 05:11
f933fb62-9cce-41c6-8d21-02d96c97d00b,systemic.uk,expired,,,high,low,8,Fidel Tech Ltd,13/09/2020 04:37,13/09/2026 04:37,07/10/2026 04:59
d6c299f6-cc89-4096-871e-7814a7dd6009,plural.it,expired,,,high,low,6,,31/08/2016 09:00,29/09/2026 00:00,07/10/2026 05:07
47d6a56e-e7c5-47ae-b2c1-a55817e8b8bf,already.beer,expired,,,high,low,7,"NameCheap, Inc.",11/09/2025 20:32,11/09/2026 20:32,07/10/2026 04:58
ba603f8f-59ad-4a3a-ae1c-1587924a2cd4,chicos.it,expired,,,high,medium,6,,28/08/2010 19:32,27/09/2026 00:00,07/10/2026 05:06
845ab11e-193b-4f0b-8255-54dab06a320d,renting.at,expired,,,high,low,7,Realtime Register B.V. ( https://nic.at/registrar/423 ),,,29/09/2026 13:46
7e092896-6f16-48ce-b10a-b8d03cc916da,portraying.so,expired,,,high,high,10,,,,
9319e62d-b37b-43b8-bdad-24a7bc98039e,nashville.work,expired,,,high,low,9,"NameCheap, Inc.",30/08/2021 01:05,30/08/2026 01:05,07/10/2026 04:53
2677a179-2812-4293-afc7-04ec913c914d,intake.casa,expired,,,high,low,6,"NameCheap, Inc.",04/10/2025 06:19,04/10/2026 06:19,07/10/2026 05:12
337ce435-169d-4bce-a650-e33dba503b33,advanced.tattoo,expired,,,high,low,8,Porkbun,26/08/2023 13:25,26/08/2026 13:25,07/10/2026 04:52
431b0bb9-ad4f-4786-8dab-79b9d63d0eb1,trance.it,expired,,,high,low,6,,13/06/2006 00:00,07/10/2026 00:00,07/10/2026 05:17
61e5fbd7-ad6e-4ea0-a6b2-d8f380c849b2,godly.trade,expired,,,high,low,5,"NameCheap, Inc.",25/07/2025 15:35,25/07/2026 15:35,07/10/2026 04:36
070d7d12-8ce2-4b49-aa58-ca4bed0ff7ce,fan.church,expired,,,high,medium,3,"Sav.com, LLC",23/07/2025 15:58,23/07/2026 15:58,07/10/2026 04:34
cc9d9088-3f68-4cfc-b223-d015218a7998,incoming.one,expired,,,high,low,8,Tucows Domains Inc.,17/08/2024 00:21,17/08/2026 00:21,07/10/2026 04:48
dfba19b2-bb59-42b1-88ca-d1a851637b9e,bubbles.media,expired,,,high,low,7,"Sav.com, LLC",23/07/2025 17:05,23/07/2026 17:05,07/10/2026 04:34
69caf690-20d2-49d4-948e-fd8034fa2297,candy.health,expired,,,high,low,5,"Spaceship, Inc.",01/10/2025 01:18,01/10/2026 01:18,07/10/2026 05:09
40487593-242c-4c7d-9823-0d7c1ba41cb2,altair.buzz,expired,,,medium,low,6,PDR Ltd. d/b/a PublicDomainRegistry.com,26/09/2025 11:07,26/09/2026 11:07,07/10/2026 05:05
cea56218-dd0a-4b01-a488-dd93c1bf0a51,browsing.uk,expired,,,high,low,8,Fidel Tech Ltd,01/10/2021 10:25,01/10/2026 10:25,07/10/2026 05:09
b00c53b1-4e21-491d-8e77-8e55366ede0d,holder.info,expired,,,medium,low,6,"Sav.com, LLC - 32",23/07/2025 15:15,23/07/2026 15:15,07/10/2026 04:34
2350a560-16a6-41c5-8e2b-3afbd25b6f2c,swanky.vip,expired,,,high,low,6,"NameCheap, Inc.",02/09/2025 23:34,02/09/2026 23:34,07/10/2026 04:54
02f94117-2761-42e3-9f6b-641dd7cf945d,arcane.vip,expired,,,high,low,6,Dynadot Inc,24/07/2022 13:11,24/07/2026 13:11,07/10/2026 04:35
1a549695-edb6-46a6-8b4f-95e21eb28aeb,deeply.cn,expired,,,medium,low,6,浙江贰贰网络有限公司,,,13/08/2026 22:30
691d362c-1cc1-4343-89fb-31aa12108d92,radio.beer,expired,,,high,medium,5,"Spaceship, Inc.",28/09/2025 17:47,28/09/2026 17:47,07/10/2026 05:07
a9e61692-37f9-492c-a244-c5eb79accaab,boundary.site,expired,,,high,low,8,"GMO Internet Group, Inc. d/b/a Onamae.com",28/07/2025 03:52,28/07/2026 23:59,07/10/2026 04:39
1326993b-6796-43bd-91bb-a9c1dc2256f7,stained.uk,expired,,,medium,low,7,ANY-Web Limited,24/09/2025 09:48,24/09/2026 09:48,07/10/2026 05:04
b4e09917-c633-4f43-89e4-da245139aa33,fuck.fund,expired,,,high,high,4,Porkbun LLC,01/08/2025 16:36,01/08/2026 16:36,07/10/2026 04:42
cc4c41c7-57cf-448c-997a-2d3595cd413a,order.furniture,expired,,,high,medium,5,Porkbun LLC,29/07/2025 11:19,29/07/2026 11:19,07/10/2026 04:39
d6fbc4c7-618f-424e-bd3b-dfe1b9e220b3,andromeda.zone,expired,,,high,low,9,Domain Science Kutatási Szolgáltató Korlátolt Felelősségű Társaság,22/09/2025 15:15,22/09/2026 15:15,07/10/2026 05:03
514924f7-79e5-4f30-a1ae-6f601505b546,replacement.so,expired,68.98,,high,low,11,namecheap,,,
764d6ed4-9f74-4287-91f9-c9519bd39791,baller.it,expired,,,high,high,6,,13/09/2012 17:25,28/09/2026 00:00,07/10/2026 05:06
0b7299fa-9785-4f96-9a35-cdcaedb3294f,herman.uk,expired,,,high,low,6,"GoDaddy.com, LLC.",03/07/2019 13:00,03/07/2026 13:00,28/09/2026 02:07
c29dbbc1-c0fe-4b32-8a27-3ebae95e770f,silly.one,expired,,,high,low,5,"NameSilo, LLC",17/08/2015 15:28,17/08/2026 15:28,07/10/2026 04:48
0a14c383-6c7d-4178-ada0-7a5435c68876,deftly.cv,expired,,,medium,low,6,Dynadot,18/09/2025 18:45,18/09/2026 18:45,07/10/2026 05:01
85a19c4f-c413-44cd-bf10-b536ee9a1711,alkaline.health,expired,,,high,low,8,"GoDaddy.com, LLC",26/09/2022 20:19,26/09/2026 20:19,07/10/2026 05:06
a185c5d7-5fb7-4782-ad96-e678dec6f1f4,fiscal.ink,expired,,,high,low,6,Tucows Domains Inc.,28/08/2024 00:08,28/08/2026 00:08,07/10/2026 04:52
25954160-1b8c-4f53-ae89-c118009017ec,gossamer.design,expired,,,high,low,8,Xin Net Technology Corporation,14/08/2018 03:03,14/08/2026 23:59,07/10/2026 04:48
ef355ad8-c6fd-47fc-a3e7-46aa44e6a096,sensational.dev,expired,,,high,low,11,Namecheap Inc.,07/08/2025 06:46,07/08/2026 06:46,07/10/2026 04:45
e74954d1-11b2-4bc7-bee1-5b7ee7d82f35,trustfully.law,expired,,,medium,low,10,"GoDaddy.com, LLC",06/10/2025 02:27,06/10/2026 02:27,07/10/2026 05:13
ac1366db-1e37-4bf5-a7f0-2daf89df3985,hathaway.us,expired,,,high,low,8,"NameCheap, Inc.",29/09/2025 03:38,29/09/2026 03:38,07/10/2026 05:08
a3c341b0-b607-4d42-b986-b695485c3873,roll.coach,expired,,,high,low,4,Domain Science Kutatási Szolgáltató Korlátolt Felelősségű Társaság,22/09/2025 15:15,22/09/2026 15:15,07/10/2026 05:03
5db705d1-c2d8-431f-a6d3-fcfacfb1f5c4,corinthian.it,expired,,,high,low,10,,24/09/2012 17:53,07/10/2026 00:00,07/10/2026 05:17
157bc172-e577-4e0d-962c-7e6d9381667b,taproom.nyc,expired,,,high,low,7,"GoDaddy.com, LLC",07/10/2014 15:32,06/10/2026 23:59,07/10/2026 05:17
18432201-5c8b-4d37-9baa-5b0d5e2d7c16,suicide.us,expired,,,high,low,7,"Spaceship, Inc.",30/09/2023 00:00,30/09/2026 00:00,07/10/2026 05:08
93bd60bf-59d6-4ba1-a603-a673f9de411d,priceless.faith,expired,,,high,medium,9,"NameCheap, Inc.",23/09/2025 16:08,23/09/2026 16:08,07/10/2026 05:04
da3c235f-4c12-4473-877a-65e904ed7d25,propulsive.cv,expired,,,high,low,10,Dynadot,18/09/2025 08:17,18/09/2026 08:17,07/10/2026 05:01
bd4142b7-9149-4217-8639-1cbe9d82bd0f,untangled.work,expired,,,medium,low,9,"GoDaddy.com, LLC",07/08/2023 10:14,07/08/2026 10:14,07/10/2026 04:45
f606141d-ed57-487e-9b30-8d5be0549da4,eon.fm,expired,,,high,low,3,Porkbun LLC,03/08/2022 08:26,03/08/2026 23:59,07/10/2026 04:43
1aea2155-0b48-4278-8ae9-dc000b15b2c4,agm.energy,expired,,,high,low,3,Domain Science Kutatási Szolgáltató Korlátolt Felelősségű Társaság,13/09/2025 20:07,13/09/2026 20:07,07/10/2026 04:59
01437c4f-4315-434d-a2a1-ec910e42c35f,framework.cx,expired,,,high,low,9,CentralNic Ltd,17/09/2025 23:21,17/09/2026 23:21,08/10/2026 02:33
d98b5804-e7e6-4932-a536-a6670319e2ad,responsive.fashion,expired,,,high,low,10,IONOS SE,02/10/2020 09:23,02/10/2026 09:23,07/10/2026 05:10
65aa3426-85af-4b56-873f-ad83ede3a641,adad.uk,expired,,,medium,low,4,Premkumar Veerabadran t/a sitekart,26/09/2022 15:34,26/09/2026 15:34,07/10/2026 05:05
4882641a-d401-4140-b7a5-c3ec82701ec4,viva.earth,expired,,,high,medium,4,united-domains GmbH,23/09/2015 17:14,22/09/2026 23:59,07/10/2026 05:03
703552bc-cc5a-4ece-af04-3f677db5163a,together.mom,expired,,,high,medium,8,Dynadot Inc,29/07/2025 17:15,29/07/2026 23:59,07/10/2026 04:40
d89865c6-85c9-407c-919d-338de9902b0f,camp.run,expired,,,high,low,4,Squarespace Domains II LLC,12/08/2018 04:58,12/08/2026 04:58,07/10/2026 04:47
e910807b-f55f-414b-8bfc-1a12290b6e79,unhelpful.computer,expired,,,medium,low,9,Tucows Domains Inc.,23/07/2022 15:52,23/07/2026 15:52,07/10/2026 04:34
4e8482eb-523c-4035-b3b1-a241ac152b74,help.tours,expired,,,high,medium,4,"Sav.com, LLC - 6",29/07/2025 15:15,29/07/2026 15:15,07/10/2026 04:39
999bad84-8df5-493a-9ff1-902464089bb9,sailor.biz,expired,,,high,low,6,"Spaceship, Inc.",04/10/2025 17:28,04/10/2026 17:28,07/10/2026 05:12
d0ae9036-db56-46fa-b81d-e2ce8500eb5e,bianca.green,expired,,,medium,low,6,"Key-Systems, LLC",06/11/2025 21:23,06/11/2026 21:23,07/10/2026 07:41
19a3bf5c-2dfb-40f9-b2fd-513d9622b3db,lakeland.it,expired,,,high,high,8,,19/09/2010 23:31,03/10/2026 00:00,07/10/2026 05:10
c1142f52-158e-42f0-adae-6c52c425cbc3,lean.one,expired,,,high,low,4,Dynadot Inc,27/08/2024 00:00,27/08/2026 00:00,07/10/2026 04:52
99fd298b-126d-4a2e-9064-024929de5280,reprint.us,expired,,,high,low,7,DomainSpot LLC,12/09/2005 17:10,11/09/2026 23:59,07/10/2026 04:59
b423c1bd-d88a-426b-9ed1-3a30db9e7a34,kids.restaurant,expired,,,high,low,4,"Key-Systems, LLC",14/11/2014 16:16,14/11/2026 16:16,07/10/2026 08:18
ece09114-6091-4bb5-bdb9-4d690baa383f,flexible.rentals,expired,,,high,low,8,"GoDaddy.com, LLC",07/08/2014 12:29,07/08/2026 12:29,07/10/2026 04:45
34590f2b-ac6f-4073-bb83-44ee4366db8f,pancreatin.it,expired,,,high,medium,10,,,,
78af1058-2058-4aa7-a431-3af3c6dde7ce,sonora.one,expired,,,high,low,6,Key-Systems LLC,11/09/2025 11:56,11/09/2026 11:56,07/10/2026 04:58
e09420e2-f999-483c-afdc-49017746aa78,grey.health,expired,,,high,low,4,"GoDaddy.com, LLC",14/08/2025 19:37,14/08/2026 19:37,07/10/2026 04:48
f640b6f6-0448-4b6f-a2f4-ab2d4aa0c603,amon.name,expired,,,high,low,4,,,,18/09/2026 18:27
fd92f05a-7110-44b4-b6f5-3937ce613478,soulless.website,expired,,,high,medium,8,Hosting Ukraine LLC,22/07/2025 16:55,22/07/2026 23:59,07/10/2026 04:33
829f8db3-c0e0-463f-abf2-a1b2dd6fc95a,split.fm,expired,,,high,low,5,OVH sas,15/08/2025 09:29,15/08/2026 23:59,07/10/2026 04:48
514edadf-4c8e-43fa-8148-91cd55a21c77,coach.ink,expired,,,high,medium,5,"NameCheap, Inc.",10/09/2025 14:37,10/09/2026 14:37,07/10/2026 04:58
aadc852a-88ac-4fd9-b36b-48318660506a,pick.solar,expired,,,high,low,4,Domain Science Kutatási Szolgáltató Korlátolt Felelősségű Társaság,17/09/2025 15:15,17/09/2026 15:15,07/10/2026 05:01
ee572920-cbb4-46f4-9b26-147ceba6c389,loudly.chat,expired,,,high,low,6,OVH SAS,21/08/2017 13:32,21/08/2026 13:32,07/10/2026 04:50
6126359f-2c18-43ef-963a-81088ab0b4a5,shops.wtf,expired,,,high,low,5,"Sav.com, LLC - 21",22/07/2025 15:16,22/07/2026 15:16,07/10/2026 04:33
eb61b97d-7f48-4a48-9100-2476e4a3e9db,wiry.net,expired,,,high,low,4,TuringSign Inc. d/b/a Cosmotown,21/07/2025 18:37,21/07/2026 18:37,07/10/2026 04:32
434eef17-e290-4ef5-ac58-e2ddfd9cad87,plenitude.life,expired,,,high,high,9,"Xiamen ChinaSource Internet Service Co., Ltd",14/08/2025 15:15,14/08/2026 15:15,07/10/2026 04:48
04ea229c-b9cd-4cd8-9f57-1a87f5cbc69e,clout.mx,expired,,,high,low,5,InterNetX GmbH,02/09/2019 00:00,02/09/2026 00:00,07/10/2026 04:54
f5a5a94d-303d-4a4f-a7bb-caad9327c64a,shelf.fm,expired,,,high,low,5,Gandi SAS,09/08/2019 16:06,09/08/2026 23:59,07/10/2026 04:46
30075fd0-6e8e-4f2e-8379-5f22725b1c88,acne.biz,expired,,,medium,low,4,Unstoppable Domains Inc.,28/08/2016 17:00,27/08/2026 23:59,07/10/2026 04:52
de4b20df-71ef-4679-8ef2-8aab0d00a045,adjuvant.solutions,expired,,,medium,low,8,"GoDaddy.com, LLC",23/07/2018 21:09,23/07/2026 21:09,07/10/2026 04:34
7f7e06d3-48d4-4c8c-84d7-8a960a44582e,investors.nyc,expired,,,high,low,9,"GoDaddy.com, LLC",05/10/2016 21:43,04/10/2026 23:59,07/10/2026 05:12
7d081205-004b-4f87-8963-41a05c1521eb,shakspearean.it,expired,,,high,high,12,,,,
9b60c380-74eb-4347-8ef5-e2b121bdc44b,darkly.store,expired,,,high,low,6,"NameCheap, Inc.",22/07/2025 18:23,22/07/2026 23:59,07/10/2026 04:33
744462ea-d2b4-43a6-83db-0cfaa5032154,support.bio,expired,,,high,medium,7,"NameCheap, Inc.",27/07/2025 15:15,27/07/2026 15:15,07/10/2026 04:38
fecb80bf-873a-486d-97aa-40bb017366a4,duck.support,expired,,,high,low,4,"NameCheap, Inc.",24/07/2023 08:17,24/07/2026 08:17,07/10/2026 04:35
9d914bf3-bd80-4fa1-8a37-014f01912808,sensational.at,expired,,,high,low,11,Checkdomain GmbH ( https://nic.at/registrar/495 ),,,01/10/2026 19:37
8268ed4b-fb1e-4fd0-a194-1e00686f322d,breakdancing.it,expired,,,high,high,13,,,,
0a90d9cc-f795-4ada-acb7-ccaf5b5dc909,phonologic.org,expired,,,medium,low,10,IONOS SE,23/07/2025 09:05,23/07/2026 09:05,07/10/2026 04:33
9ed14608-9b4d-4cec-848f-e2783fe1f663,extensive.website,expired,,,medium,low,9,"GMO Internet Group, Inc. d/b/a Onamae.com",01/08/2025 15:40,01/08/2026 23:59,07/10/2026 04:42
7d5661bf-9a11-4b42-ae8c-e10790a4f216,chartless.io,expired,,,medium,low,9,"NameCheap, Inc.",16/08/2022 20:32,16/08/2026 20:32,07/10/2026 04:48
7a784d72-ef9e-4a26-abcf-2ab5c2698272,rigor.at,expired,,,high,high,5,Realtime Register B.V. ( https://nic.at/registrar/423 ),,,26/09/2026 08:41
a9873093-3f47-4070-8fa6-56a9057bfc5b,sme.direct,expired,,,high,low,3,"NameSilo, LLC",07/08/2023 13:04,07/08/2026 13:04,07/10/2026 04:45
7d0a9b4a-6d3c-409d-a5b0-77625ed412fe,agricultural.cv,expired,,,high,low,12,Dynadot,26/09/2025 17:15,26/09/2026 17:15,07/10/2026 05:05
e5df0aeb-e79c-438d-a376-6fd6a99da740,pacific.city,expired,,,high,low,7,"Sav.com, LLC - 34",27/07/2024 15:15,27/07/2026 15:15,07/10/2026 04:38
71078881-bb7c-430b-9ff9-d7b89278b51a,quicker.us,expired,,,high,low,7,"Spaceship, Inc.",23/09/2021 00:20,23/09/2026 00:20,07/10/2026 05:04
a7aaa11b-1439-4157-8b66-e8162f68f52f,basic.fm,expired,,,high,low,5,"NameCheap, Inc.",24/07/2025 09:50,24/07/2026 23:59,07/10/2026 04:35
c0776a93-7ff3-4ffe-8db9-822d14aa1692,depend.one,expired,,,high,low,6,"Spaceship, Inc.",10/09/2025 00:23,10/09/2026 00:23,07/10/2026 04:58
04462a18-9d2f-4d03-a3ef-0b4899d5cdc4,thyroid.marketing,expired,,,high,low,7,"GoDaddy.com, LLC",31/07/2014 21:37,31/07/2026 21:37,07/10/2026 04:41
0708cfb5-999e-4df9-ab18-c0a832236c0a,longitude.so,expired,68.98,,high,low,9,namecheap,,,
5ac15d39-a0ec-472f-86d5-00c42059c26e,kin.cat,expired,,,high,low,3,Openprovider,28/08/2025 19:38,28/08/2026 19:38,07/10/2026 04:53
1764ee2f-63d8-479b-b8c6-208c068dc3f5,wakes.so,expired,,,high,low,5,,,,
4a054c2a-ba10-4d09-b3b6-c48482ca75a6,healthcare.glass,expired,,,high,low,10,"Sav.com, LLC - 33",04/08/2025 15:15,04/08/2026 15:15,07/10/2026 04:43
fb06aa68-1eb3-44b7-8b7d-f6a77d84eb0f,boring.casa,expired,,,high,low,6,"NameCheap, Inc.",02/10/2025 14:13,02/10/2026 14:13,07/10/2026 05:10
2b02642b-1214-48b8-af40-a7fa1f249907,cardinal.design,expired,,,high,low,8,Dynadot Inc,22/08/2025 19:21,22/08/2026 19:21,07/10/2026 04:50
84500748-346a-4c13-a080-b3b5375350e3,eight.marketing,expired,,,high,low,5,Domain Science Kutatási Szolgáltató Korlátolt Felelősségű Társaság,09/09/2025 15:15,09/09/2026 15:15,07/10/2026 04:58
da485d56-11b2-4141-9b03-5f3f37f0c725,valued.health,expired,,,high,low,6,"NameCheap, Inc.",14/09/2025 17:38,14/09/2026 17:38,07/10/2026 04:59
2d3a489b-7895-4dde-9321-c6661c1c518c,better.construction,expired,,,high,medium,6,Dynadot Inc,28/07/2024 17:00,28/07/2026 17:00,07/10/2026 04:39
8da78b47-c037-4b2e-a010-d420b500cfcf,walker.top,expired,,,high,low,6,阿里云计算有限公司,25/07/2025 12:03,25/07/2026 12:03,07/10/2026 04:36
cc2669bf-b1d4-44e5-877f-e536c404ef0f,dizzy.chat,expired,,,high,low,5,"Amazon Registrar, Inc.",22/07/2025 03:14,22/07/2026 03:14,07/10/2026 04:32
5f1bbf8c-1670-4f26-9ca2-35e791f2a042,deflation.pw,expired,,,medium,low,9,"Unstoppable Domains, Inc.",10/08/2025 18:07,10/08/2026 23:59,07/10/2026 04:46
75b8633b-0014-426b-873c-d57a816c15a8,sharp.vin,expired,,,high,low,5,Domain Science Kutatási Szolgáltató Korlátolt Felelősségű Társaság,13/09/2024 17:00,13/09/2026 17:00,07/10/2026 04:59
7e9a3ed1-6773-4cf2-9f95-dac2e0c8bf4f,card.health,expired,,,high,medium,4,"Spaceship, Inc.",01/10/2025 01:22,01/10/2026 01:22,07/10/2026 05:09
5cde95e6-7fd0-4bd7-b0b9-9087c3f5e878,bridal.works,expired,,,high,low,6,Domain Science Kutatási Szolgáltató Korlátolt Felelősségű Társaság,06/09/2025 15:16,06/09/2026 15:16,07/10/2026 04:56
1dea3d4d-a48d-4578-9d5e-f28c6eed207e,appreciate.institute,expired,,,high,low,10,Domain Science Kutatási Szolgáltató Korlátolt Felelősségű Társaság,05/09/2025 15:15,05/09/2026 15:15,07/10/2026 04:55
e2f50260-4282-4e24-ada5-1b4885616e66,flying.casino,expired,,,high,low,6,"GoDaddy.com, LLC",27/07/2025 03:38,27/07/2026 03:38,07/10/2026 04:37
0413fc4c-7f6e-486f-9215-dc4461f16a33,much.one,expired,,,high,low,4,"Spaceship, Inc.",27/09/2025 08:42,27/09/2026 08:42,07/10/2026 05:06
d27c5b7b-899d-4d6a-88b5-ec23382d4525,director.team,expired,,,high,low,8,"Sav.com, LLC - 49",25/07/2025 15:15,25/07/2026 15:15,07/10/2026 04:36
29835da4-9e84-4fea-9c2d-8c97f9bca4d0,flirtation.it,expired,,,medium,low,10,,11/09/2010 14:44,26/09/2026 00:00,07/10/2026 05:05
59c871f1-f9e9-4f5b-b6cb-373271c5a8d1,dates.biz,expired,,,medium,low,5,UdomainName.com LLC,28/08/2017 00:33,28/08/2026 00:33,07/10/2026 04:52
d75c665f-fb00-4bc3-8162-fa46ee86dfdf,management.coffee,expired,,,high,low,10,Domain Science Kutatási Szolgáltató Korlátolt Felelősségű Társaság,03/09/2025 15:16,03/09/2026 15:16,07/10/2026 04:54
24a16883-bda8-47e5-ba0b-bd7d23b4c17f,beanstalk.at,expired,,,high,low,9,NETIM ( https://nic.at/registrar/586 ),,,22/09/2026 20:43
59a2d7cd-c9f6-46e4-88a3-099c152d9f8b,expound.uk,expired,,,medium,low,7,UK Internet Services Ltd,04/09/2020 13:37,04/09/2026 13:37,07/10/2026 04:55
386fee0d-dd41-47f9-ac1f-20a931f2c7ba,note.vet,expired,,,high,low,4,"GoDaddy.com, LLC",03/08/2025 10:28,03/08/2026 10:28,07/10/2026 04:43
7b7624c8-7a43-46b1-9f61-1ae4e2420539,tesla.bike,expired,,,high,medium,5,"Sav.com, LLC - 41",27/07/2025 15:15,27/07/2026 15:15,07/10/2026 04:38
1c5209c8-49ea-44fd-97af-429c7e2665f9,room.casa,expired,,,high,low,4,"Spaceship, Inc.",23/07/2025 20:33,23/07/2026 20:33,07/10/2026 04:34
eb22c3d4-6909-45c1-be97-74beeafc6e03,batch.ink,expired,,,high,low,5,"NameCheap, Inc.",12/08/2025 21:29,12/08/2026 21:29,07/10/2026 04:47
5286f460-004c-4193-8061-14728ad43c97,trasimeno.tv,expired,,,medium,low,9,Key-Systems GmbH,27/08/2007 09:54,27/08/2026 09:54,07/10/2026 04:52
6f32079e-d482-4948-b264-5c9b6cf0a8be,hydraulics.at,expired,,,high,low,10,info.at Internet GmbH ( https://nic.at/registrar/28 ),,,03/10/2026 10:52
0e84ab54-c226-4378-99e7-f3c69fc45362,frank.games,expired,,,high,medium,5,Domain Science Kutatási Szolgáltató Korlátolt Felelősségű Társaság,01/09/2024 17:00,01/09/2026 17:00,07/10/2026 04:54
a60d7ae1-7386-4549-8316-7d84dedbc440,bud.camp,expired,,,high,low,3,"Sav.com, LLC",26/07/2025 17:08,26/07/2026 17:08,07/10/2026 04:37
f540a9e5-05c7-4965-a98e-d212714024fa,derestrict.it,expired,,,high,high,10,,,,
0c45d852-2994-4ad9-979e-d7fbd566dc1f,spatial.it,expired,,,high,high,7,,03/10/2017 16:00,03/10/2026 00:00,07/10/2026 05:11
92c7839f-2cb6-4973-acb8-8d919cb16bef,treble.my,expired,,,high,low,6,Yeahhost Sdn Bhd,26/08/2025 01:25,26/08/2026 01:25,07/10/2026 04:52
3872f5fc-a61a-4826-bc80-3be237f7ec06,longview.it,expired,,,medium,low,9,,19/09/2010 23:32,03/10/2026 00:00,07/10/2026 05:10
4ecfbbe2-c092-4ce9-a12c-82632534b77b,specials.uk,expired,,,medium,low,8,Backorder Ltd,04/07/2019 13:00,04/07/2026 13:00,29/09/2026 17:33
d32beb02-3052-45fb-af96-9e4581a2d9a5,rapid.club,expired,,,high,low,5,"NameCheap, Inc.",29/09/2022 05:14,29/09/2026 05:14,07/10/2026 05:07
789840a2-6730-4b01-b51e-e41c0c0be141,rumanian.it,expired,,,high,medium,8,,,,
e0b29de8-6825-4045-b313-c598f1873207,rime.biz,expired,,,medium,low,4,InternetX GmbH,21/09/2014 10:17,20/09/2026 23:59,07/10/2026 05:02
1d6dae00-3eca-4ace-90d8-ef3bebc67f13,busted.us,expired,,,high,low,6,"Spaceship, Inc.",27/09/2021 00:26,27/09/2026 00:26,07/10/2026 05:06
90ca28cd-e205-4806-9c59-de27f5c8fc89,flavorful.beer,expired,,,high,low,9,"Spaceship, Inc.",11/08/2025 17:56,11/08/2026 17:56,07/10/2026 04:47
05e1e457-0acb-4ce0-8012-55d970dee2fe,monolithic.mx,expired,,,medium,low,10,"AKKY ONLINE SOLUTIONS, S.A. DE C.V.",01/08/2025 00:00,01/08/2026 00:00,07/10/2026 04:41
e52cd18f-037b-4eb1-85d8-010b6b1f8de8,cancer.cafe,expired,,,high,low,6,"Sav.com, LLC - 49",21/07/2025 15:15,21/07/2026 15:15,07/10/2026 04:31
4abc4021-5d31-47b5-96d1-2d7eb1e19b95,prince.mobi,expired,,,high,low,6,"Xiamen ChinaSource Internet Service Co., Ltd",03/08/2025 15:15,03/08/2026 15:15,07/10/2026 04:43
a3e98127-aeb6-4da3-8794-259cae5c9f2d,engage.fitness,expired,,,high,low,6,"Spaceship, Inc.",08/08/2025 20:21,08/08/2026 20:21,07/10/2026 04:46
6fd9e8a9-4c1e-4083-a6dc-5cb5bc71396a,lobby.studio,expired,,,high,low,5,Domain Science Kutatási Szolgáltató Korlátolt Felelősségű Társaság,16/09/2025 15:15,16/09/2026 15:15,07/10/2026 05:00
40840895-2823-4117-a618-edaf04f96264,birches.uk,expired,,,medium,low,7,Sirius Telecom Ltd,01/10/2020 05:35,01/10/2026 05:35,07/10/2026 05:09
8b5734f5-8be5-447c-b701-5c9f46efea06,someone.social,expired,,,low,low,8,Atak Domain Bilgi Teknolojileri A.Ş.,25/08/2024 08:00,25/08/2026 08:00,07/10/2026 04:51
fc60afa4-d09e-4e89-af14-7a61dd2eb8f7,move.training,expired,,,high,medium,4,"Sav.com, LLC - 40",24/07/2025 15:16,24/07/2026 15:16,07/10/2026 04:35
45661230-25bf-4312-9c26-4964fb3a2c2c,sulfur.uk,expired,,,high,low,6,Fidel Tech Ltd,26/09/2022 23:02,26/09/2026 23:02,07/10/2026 05:06
3b394464-b0c6-4c0c-a2c9-bc0f812065b8,recognizing.it,expired,,,medium,low,11,,01/09/2012 13:18,01/10/2026 00:00,07/10/2026 05:09
52c85335-68cb-4d43-bc15-5b97ee4deaeb,staff.pics,expired,,,high,low,5,Dynadot Inc,28/07/2025 10:54,28/07/2026 23:59,07/10/2026 04:39
02c954c4-f2d8-4ca8-87c5-9defd051bc62,rocky.network,expired,,,high,low,5,Dynadot Inc,30/07/2025 17:00,30/07/2026 17:00,07/10/2026 04:40
cf62ab34-9686-4833-a300-181525ce5b4c,dns.fm,expired,,,high,medium,3,Porkbun LLC,04/08/2022 07:31,04/08/2026 23:59,07/10/2026 04:44
f783aeb1-98db-45f2-b231-910f185ae404,nevermore.world,expired,,,medium,low,9,Cronon GmbH,08/08/2025 03:23,08/08/2026 03:23,07/10/2026 04:45
db93fdcb-42ab-4569-8faf-a6690b07f7c9,partial.ink,expired,,,high,low,7,"NameCheap, Inc.",19/09/2024 09:59,19/09/2026 09:59,07/10/2026 05:01
0686c198-3b0d-4588-b332-4b626268210e,commits.stream,expired,,,medium,low,7,"Cloudflare, Inc.",13/09/2022 22:12,13/09/2026 22:12,07/10/2026 04:59
a7ef3299-09df-405c-a686-753d36cfc64b,virginity.uk,expired,,,high,low,9,Sawtry Media Limited t/a domain-names.co.uk,25/08/2017 21:41,25/08/2026 21:41,07/10/2026 04:51
087766c1-39b0-4e8a-adee-7db132b32c83,monarch.cam,expired,,,high,medium,7,"NameCheap, Inc.",28/07/2025 09:40,28/07/2026 23:59,07/10/2026 04:39
ea017edb-5b74-4505-ab92-de367e8b0d9a,attainable.uk,expired,,,high,low,10,Craig Sutherland t/a EMMI,03/09/2020 02:17,03/09/2026 02:17,07/10/2026 04:54
445d5145-a3e2-4655-ba58-675f638af2f6,shakira.xxx,expired,,,high,low,7,Safenames Ltd,27/09/2018 13:00,27/09/2026 13:00,07/10/2026 05:06
9503c125-1a78-4d7c-95e7-02e7642413fb,potpourri.one,expired,,,high,low,9,"Spaceship, Inc.",31/07/2024 00:53,31/07/2026 00:53,07/10/2026 04:41
c389c14b-4c09-4856-9683-32381994675b,edinburgh.it,expired,,,high,low,9,,25/09/2023 16:00,25/09/2026 00:00,07/10/2026 05:05
330baf1c-8a71-4103-8cae-19a39fbff9d9,crunk.it,expired,,,high,high,5,,20/09/2021 16:00,04/10/2026 00:00,07/10/2026 05:11
982c1bd9-fd33-4aa7-8f46-181d5b4c858e,significance.us,expired,,,high,low,12,Sav.com LLC,28/08/2025 22:23,28/08/2026 22:23,07/10/2026 04:53
9113f367-46dc-46a9-89d2-2a8401205b8d,naught.tv,expired,,,medium,low,6,"NameCheap, Inc.",07/08/2025 18:09,07/08/2026 18:09,07/10/2026 04:45
21c63c50-452e-4327-85b3-6cbd579f3317,initiative.pro,expired,,,high,low,10,"Sav.com, LLC - 43",23/07/2024 16:05,23/07/2026 16:05,07/10/2026 04:34
301d49b0-ac92-496f-af2b-ffb87bd1014c,florid.beer,expired,,,medium,low,6,"NameCheap, Inc.",13/08/2025 18:58,13/08/2026 18:58,07/10/2026 04:47
e5961984-115e-4f39-9e55-361353ac3af5,renovation.one,expired,,,high,low,10,Dynadot Inc,29/09/2022 21:37,29/09/2026 21:37,07/10/2026 05:08
d267cf84-e9af-43b9-963f-e6b30512d246,expressions.at,expired,,,high,low,11,web invest gmbh ( https://nic.at/registrar/569 ),,,30/09/2026 06:00
809ebcb5-e312-4315-8879-e07720f0046a,humanly.fit,expired,,,high,low,7,"NameCheap, Inc.",16/08/2025 07:34,16/08/2026 07:34,07/10/2026 04:48
deda4ccb-e271-4141-8810-30750a461638,bavaria.gay,expired,,,high,low,7,Key-Systems LLC,16/09/2020 20:36,16/09/2026 23:59,07/10/2026 05:00
b809595d-1dde-4273-92a8-d4737ef16eab,telescopii.it,expired,,,low,low,10,,,,
970ee61c-5852-40ec-b98a-ed5c5c9511e9,stiles.work,expired,,,medium,low,6,"GMO Internet, Inc. d/b/a Onamae.com",13/09/2025 04:52,13/09/2026 04:52,07/10/2026 04:59
88d5a551-f252-4581-aa20-21e6fe958347,tethered.de,expired,,,medium,low,8,,,,11/09/2026 12:10
b07c0862-075d-4c8e-956a-6269941f4b20,anti.report,expired,,,high,low,4,"Cloudflare, Inc",26/08/2020 19:19,26/08/2026 19:19,07/10/2026 04:52
32d50db4-620a-4423-aa32-3cae5ce2543f,goofy.fit,expired,,,medium,low,5,"NameCheap, Inc.",25/07/2025 15:59,25/07/2026 15:59,07/10/2026 04:36
4040c4d6-baab-4740-aed8-a9e88addb90e,afterlife.vision,expired,,,high,low,9,OVH SAS,05/10/2025 15:21,05/10/2026 15:21,07/10/2026 05:13
40e263bd-881d-4848-8568-1bd9ecc089f8,web.wedding,expired,,,high,medium,3,1API GmbH,11/09/2015 04:41,11/09/2026 04:41,08/10/2026 03:02
aacbda58-aa56-4e07-8873-e0b0841086a5,europe.tattoo,expired,,,high,low,6,"Spaceship, Inc.",06/08/2025 07:33,06/08/2026 07:33,07/10/2026 04:44
b65f19e4-bfb8-449d-b387-a5d875b02af9,flipping.it,expired,,,high,low,8,,14/09/2023 16:00,14/09/2026 00:00,07/10/2026 04:59
6f4fbcda-428d-4e37-8c4b-63edda8d69b3,first.vote,expired,,,high,medium,5,"Sav.com, LLC - 45",24/07/2025 15:16,24/07/2026 15:16,07/10/2026 04:35
51e02dc3-24a9-4436-9198-50d30a4130d8,chic.horse,expired,,,high,low,4,Porkbun,27/07/2025 02:28,27/07/2026 02:28,07/10/2026 04:38
27af56e4-b2c6-4a0d-8421-501583717f72,mesocyclone.it,expired,,,high,high,11,,,,
1ec08d60-41e7-4355-8afb-2fa3af2fd6d3,right.ltd,expired,,,high,low,5,"DNSPod, Inc.",03/09/2017 17:28,03/09/2026 17:28,07/10/2026 04:55
780938ff-4165-4028-b344-e7b9023b6a64,toilet.pet,expired,,,high,low,6,IONOS SE,13/09/2024 10:08,13/09/2026 10:08,07/10/2026 04:59
142c91b7-55b7-425d-8630-582b6b20a304,romance.pro,expired,,,high,low,7,Epik LLC,09/08/2022 13:15,09/08/2026 13:15,07/10/2026 04:46
bf5c0c71-66db-4e11-b5b4-41480145b975,tinnier.it,expired,,,low,low,7,,,,
506f51ee-5f8b-4099-9866-15ad1025fe85,digits.works,expired,,,high,low,6,"Sav.com, LLC",23/07/2025 21:09,23/07/2026 21:09,07/10/2026 04:34
cebc8e28-6543-47c3-8fc2-1d8f02cb5d35,marvelous.live,expired,,,high,low,9,CommuniGal Communication Ltd.,02/10/2025 15:16,02/10/2026 15:16,07/10/2026 05:10
c32d2f3e-b111-4dc4-a504-ce12d5df6537,blocky.earth,expired,,,medium,low,6,Porkbun,15/08/2023 10:37,15/08/2026 10:37,08/10/2026 01:27
6d9a2ee4-d26d-41a0-be59-6a05dfc0d142,defend.vip,expired,,,high,low,6,"Spaceship, Inc.",04/09/2025 01:27,04/09/2026 01:27,07/10/2026 04:55
be5ed9fe-d9d8-49b8-ab8f-d69cec2db340,thermal.nyc,expired,,,high,low,7,Rabbitsfoot.com LLC d/b/a Oxygen.nyc,02/10/2017 16:41,02/10/2026 16:41,07/10/2026 05:10
3a3c15f2-59ce-4b90-873f-888de2be42fd,peppy.info,expired,,,high,low,5,Dynadot Inc,29/07/2025 08:29,29/07/2026 08:29,07/10/2026 04:39
36448e5a-644f-4196-815c-81ad0f09f30b,helper.casa,expired,,,medium,low,6,"NameCheap, Inc.",22/09/2025 19:17,22/09/2026 19:17,07/10/2026 05:03
958e5fbe-0bda-4dd1-a31c-8c1c385b50ba,event.finance,expired,,,high,medium,5,Dynadot Inc,10/08/2025 17:00,10/08/2026 17:00,07/10/2026 13:48
1d7f1fbd-d5fc-4e5d-9a1d-e4908a701982,community.blue,expired,,,high,medium,9,"Spaceship, Inc.",23/07/2023 17:00,23/07/2026 17:00,07/10/2026 04:34
3571c28c-5d0e-4d96-9cc2-ed2c220c444c,publicise.it,expired,,,high,high,9,,16/09/2011 10:41,30/09/2026 00:00,07/10/2026 05:09
25aad352-10a8-4a72-adf4-538cc3cde422,incite.it,expired,,,high,low,6,,03/05/2014 09:00,06/10/2026 00:00,07/10/2026 05:13
283e2e97-1711-444b-b2ac-7b01b1cd070c,rapt.my,expired,,,high,low,4,Yeahhost Sdn Bhd,26/08/2025 01:24,26/08/2026 01:24,07/10/2026 04:51
53c442a5-949e-4cce-b545-46f659993d8e,panchaea.it,expired,,,high,high,8,,,,
82ce1a2e-69b4-4788-9887-a5cadf7e2c50,secluded.group,expired,,,high,low,8,"GoDaddy.com, LLC",22/07/2020 06:00,22/07/2026 06:00,07/10/2026 04:32
fea81550-3d63-4630-8039-0750bf8ce4ac,refractory.tech,expired,,,high,low,10,Alibaba Cloud Computing Ltd. d/b/a HiChina (www.net.cn),20/08/2016 02:24,20/08/2026 23:59,07/10/2026 04:50
94d59d7d-c45a-4f7b-b96c-d4cb175ce921,winning.expert,expired,,,high,low,7,Domain Science Kutatási Szolgáltató Korlátolt Felelősségű Társaság,08/09/2024 17:00,08/09/2026 17:00,07/10/2026 04:57
0a8c0ae0-92ac-48a4-be5f-95897330ebe1,minimize.uk,expired,,,high,low,8,Porkbun LLC,22/08/2025 15:59,22/08/2026 15:59,07/10/2026 04:50
04cd847e-c7d1-4287-af4e-a1809e447148,wisdom.boutique,expired,,,high,medium,6,Dynadot Inc,26/07/2025 17:00,26/07/2026 17:00,07/10/2026 10:36
47f9052f-65b2-41c9-8e06-cfb6384c7843,touchpoint.it,expired,,,high,high,10,,07/09/2013 09:00,23/09/2026 00:00,07/10/2026 05:03
4849290b-fce4-4804-a125-e72532e29eb4,oneiric.tv,expired,,,medium,low,7,"NameCheap, Inc.",27/08/2025 01:43,27/08/2026 01:43,07/10/2026 04:52
60e461d4-68ba-4f5e-8b7f-ed0709afbaea,graz.taxi,expired,,,medium,low,4,Ledl.net GmbH & Co KG,14/08/2015 16:00,14/08/2026 16:00,07/10/2026 04:48
c2b00c6e-b280-4dc5-9929-255473f59ac2,science.tv,expired,,,high,medium,7,Dynadot Inc,10/09/2022 08:23,10/09/2026 08:23,07/10/2026 21:43
e10aa14e-81fa-49b1-b8ac-577b9c847292,advised.io,expired,,,high,low,7,"NameCheap, Inc.",22/07/2024 12:08,22/07/2026 12:08,07/10/2026 04:32
6c367a30-350f-405e-9604-8e092263ee87,mineral.bio,expired,,,high,low,7,CommuniGal Communication Ltd.,04/09/2025 15:15,04/09/2026 15:15,07/10/2026 04:55
71f48af0-a3a9-4e00-aa3c-21e555826638,tie.tv,expired,,,high,low,3,"Name.com, Inc.",29/09/2011 16:13,29/09/2026 16:13,07/10/2026 05:07
e68df4cb-301f-4182-a30b-5455a133b47d,lanky.one,expired,,,medium,low,5,"Spaceship, Inc.",16/08/2025 17:44,16/08/2026 17:44,07/10/2026 04:48
f6917221-f126-4fe6-a6d1-4b6847a7b721,extreme.luxe,expired,,,high,low,7,"Spaceship, Inc.",15/09/2021 06:37,15/09/2026 06:37,07/10/2026 05:00
927545b6-f89b-4b7e-84c7-a7481123eb20,mnemonic.nl,expired,,,medium,low,8,united-domains GmbH,30/03/2004 16:14,,25/08/2026 02:12
017f1634-536f-4356-82f5-6bb253fc765d,woody.wiki,expired,,,high,low,5,"Chengdu West Dimension Digital Technology Co., Ltd.",03/08/2025 03:32,03/08/2026 03:32,07/10/2026 04:43
0e0b79cf-7088-449d-811f-1ba8060bcace,infra.cat,expired,,,high,low,5,Openprovider,12/08/2023 09:01,12/08/2026 09:01,07/10/2026 04:47
7a08136d-4155-44ce-81d5-17cb031887ab,smack.it,expired,,,medium,low,5,,01/04/2012 10:48,03/10/2026 00:00,07/10/2026 05:11
a03a7ded-149c-49ad-98a1-d459f49b710a,quahog.so,expired,,,high,high,6,,,,
50fe21de-53da-40bc-ac32-414101758f87,exciting.beer,expired,,,high,low,8,"Spaceship, Inc.",12/08/2025 18:33,12/08/2026 18:33,07/10/2026 04:47
51f81719-3f02-43e8-bcc0-3d00d52a94db,desolation.press,expired,,,medium,low,10,Porkbun LLC,06/08/2025 20:28,06/08/2026 23:59,07/10/2026 04:45
ffcabd24-820f-4609-94ae-225b0bc4bc6b,geek.rocks,expired,,,high,low,4,Porkbun LLC,06/08/2014 17:00,06/08/2026 17:00,07/10/2026 04:44
bd1f4f24-ab6a-43d0-ac07-3115583fca6d,sporty.health,expired,,,high,low,6,"Spaceship, Inc.",30/08/2025 04:04,30/08/2026 04:04,07/10/2026 04:53
6894f30c-df73-4303-b8c9-024603496eba,generative.surf,expired,,,high,low,10,"Spaceship, Inc.",17/09/2025 22:09,17/09/2026 22:09,07/10/2026 05:01
910d98e3-946d-48eb-8f04-1433ed685cb9,wedge.tv,expired,,,medium,low,5,Dynadot Inc,01/10/2013 21:55,01/10/2026 21:55,07/10/2026 05:10
80654de0-ec6f-4334-bfcb-0d217fabdfcf,celestial.institute,expired,,,high,low,9,Domain Science Kutatási Szolgáltató Korlátolt Felelősségű Társaság,03/09/2024 17:00,03/09/2026 17:00,07/10/2026 04:54
075991d4-7beb-4757-8aeb-1966c42fe3a8,laura.zone,expired,,,high,low,5,Domain Science Kutatási Szolgáltató Korlátolt Felelősségű Társaság,02/09/2025 15:15,02/09/2026 15:15,07/10/2026 04:54
5e78ba98-49ae-4da9-bb53-7b6a765a8d9a,nowise.it,expired,,,low,low,6,,15/09/2012 22:55,30/09/2026 00:00,07/10/2026 05:08
8bd89de9-e2ca-4040-b732-d2f0c8b0b33c,fence.digital,expired,,,high,low,5,"Sav.com, LLC - 10",06/08/2025 15:15,06/08/2026 15:15,07/10/2026 04:44
72411635-6b6e-441e-b3fb-fcad6fca704d,hanoi.at,expired,,,high,low,5,registrant:     NN15019002-NICAT,,,29/09/2026 07:17
4b4a93b9-2df3-450d-bdeb-9437f390c058,prevail.site,expired,,,high,medium,7,"HOSTINGER operations, UAB",21/07/2025 08:25,21/07/2026 23:59,07/10/2026 04:32
4e189dc9-49cd-4268-8b6f-70c799de3330,forecasting.fm,expired,,,high,low,11,"Spaceship, Inc.",23/07/2025 23:54,23/07/2026 23:59,07/10/2026 04:34
e7fde29b-fdbe-4bf0-88f9-81ce41e35efb,dues.info,expired,,,high,low,4,Dynadot Inc,09/08/2025 16:11,09/08/2026 16:11,07/10/2026 04:46
3af0ac2b-884d-4f5e-839e-3a1d262d5fe8,lady.pics,expired,,,high,low,4,"Spaceship, Inc.",06/08/2025 21:07,06/08/2026 23:59,07/10/2026 04:45
ae194fa8-39a9-452d-b6f9-658e445801ec,activism.it,expired,,,high,low,8,,13/09/2010 10:18,28/09/2026 00:00,07/10/2026 05:06
4650a574-2853-4d1d-ac6a-d90ba0fd7f27,tribe.tattoo,expired,,,high,medium,5,"NameCheap, Inc.",14/08/2024 08:57,14/08/2026 08:57,07/10/2026 04:47
9feea1e2-8e83-4d07-b48d-9a171f445065,altruist.uk,expired,,,high,low,8,Jonathan Gregory t/a isurveyor.com,04/10/2023 13:01,04/10/2026 13:01,07/10/2026 05:12
83743b51-1d72-451b-ad2d-d78401680b2b,ruthless.fit,expired,,,high,medium,8,"NameCheap, Inc.",01/10/2025 22:54,01/10/2026 22:54,07/10/2026 05:10
2a18f6b7-b12d-44a3-aba2-6a8fdf4183f0,blessed.uk,expired,,,high,low,7,Internet Domain Services BS Corp t/a Internet.bs,01/10/2020 09:59,01/10/2026 09:59,07/10/2026 05:09
d3285a72-860a-4723-aa9a-44b5d79c92a1,fung.wiki,expired,,,medium,low,4,West263 International Limited,29/08/2025 00:01,29/08/2026 00:01,07/10/2026 04:53
46da289b-b6e5-40b6-a35c-8f7427a397f5,ane.digital,expired,,,high,low,3,"Sav.com, LLC - 20",03/08/2025 15:15,03/08/2026 15:15,07/10/2026 04:43
d42bfb9c-c426-4d1f-b732-33291de3343a,matisse.me,expired,,,high,low,7,"Spaceship, Inc.",17/08/2025 12:32,17/08/2026 12:32,07/10/2026 04:48
c4fbf254-3caa-4ca5-86ce-f2b1f591b110,palatine.it,expired,,,medium,low,8,,02/10/2012 15:53,02/10/2026 00:00,07/10/2026 05:10
95bb7451-e441-457c-bc2d-79deeed90753,sext.it,expired,,,high,high,4,,23/08/2016 16:00,28/09/2026 00:00,07/10/2026 05:06
8dc35971-4a3d-427b-8b90-02e6eba81a2e,communication.so,expired,68.98,,high,low,13,namecheap,,,
e8cfcc68-8dbf-42e9-aaac-a4f9c45ab0a9,evolutionary.uk,expired,,,medium,low,12,"Dynadot, LLC t/a Dynadot",11/09/2020 02:21,11/09/2026 02:21,07/10/2026 04:58
07f59f73-c9ab-4576-88f3-1e988a657876,stooping.nyc,expired,,,medium,low,8,IONOS SE,27/08/2021 06:07,27/08/2026 06:07,07/10/2026 04:52
af4780d3-62b4-47a3-b2b1-03ea2e278d9e,lovesick.world,expired,,,medium,low,8,Domain Science Kutatási Szolgáltató Korlátolt Felelősségű Társaság,18/09/2025 15:16,18/09/2026 15:16,07/10/2026 05:01
383f5069-b608-4e03-99e8-0670e432e471,vampire.fit,expired,,,high,low,7,"GoDaddy.com, LLC",03/08/2025 02:59,03/08/2026 02:59,07/10/2026 04:43
57c84fe1-1a2c-4a32-832d-8ed98a1931b7,managerial.uk,expired,,,medium,low,10,UK Internet Services Ltd,04/10/2021 12:16,04/10/2026 12:16,07/10/2026 05:12
96a917c1-29c2-4f49-8eeb-3d02c61fc493,cookie.baby,expired,,,high,low,6,Dynadot Inc,27/07/2025 08:35,27/07/2026 23:59,07/10/2026 04:38
7161a238-a9b7-4e03-8eb2-09d6ce05a17a,gage.one,expired,,,high,low,4,"Spaceship, Inc.",16/08/2025 06:34,16/08/2026 06:34,07/10/2026 04:48
f0c2db75-a010-4dcb-a2d5-31acb28d0d2a,secretly.uk,expired,,,medium,low,8,webber.ltd t/a DOMAINS FOR SALE,10/09/2024 14:08,10/09/2026 14:08,07/10/2026 04:58
7fc11f03-0532-4827-b2e5-6b53ec65995a,assumed.beer,expired,,,medium,low,7,"NameCheap, Inc.",29/07/2025 13:57,29/07/2026 13:57,07/10/2026 04:39
afd56e34-78c4-47c5-88f2-08f8fc031b06,boldly.biz,expired,,,high,low,6,TLDS L.L.C. d/b/a SRSPlus,31/08/2016 00:08,30/08/2026 23:59,07/10/2026 04:53
ef61cb52-797b-4dad-bd87-85a61edc1f88,gustav.dance,expired,,,medium,low,6,"NameCheap, Inc.",08/08/2019 05:04,08/08/2026 05:04,07/10/2026 04:45
b1b4d68e-f67f-4892-aa17-424e6ed3571e,confession.one,expired,,,high,low,10,"Spaceship, Inc.",27/07/2025 00:03,27/07/2026 00:03,07/10/2026 04:37
c5e5b384-dfd2-46f6-b131-34213e143220,xoxoxo.online,expired,,,high,low,6,Dreamscape Networks International Pte Ltd,21/07/2025 09:39,21/07/2026 23:59,07/10/2026 04:32
27842312-7f93-4af0-8eb6-c3d8ef0ecc94,thai.fashion,expired,,,high,low,4,"GoDaddy.com, LLC",22/07/2025 06:30,22/07/2026 06:30,07/10/2026 04:32
8c346efc-5d0a-4cb6-91e3-3e1b05eb142c,plain.pro,expired,,,high,low,5,Epik LLC,24/07/2022 17:00,24/07/2026 17:00,07/10/2026 04:35
fd8b3208-4916-40fc-9a74-2da7c2a61120,captive.top,expired,,,high,low,7,Dynadot LLC,23/08/2025 07:42,23/08/2026 07:42,07/10/2026 04:51
3c5ef41b-10de-4378-9e9d-77a21daf4f0f,reply.video,expired,,,high,low,5,"NameCheap, Inc.",16/08/2022 20:42,16/08/2026 20:42,07/10/2026 04:48
82fbe782-8c19-4f3b-a4c1-efffc712aa70,shishkabob.so,expired,,,high,high,10,,,,
2fb2ac3b-3ea9-4914-9424-80d06bedbadf,poll.today,expired,,,high,low,4,Dynadot Inc,30/07/2025 17:00,30/07/2026 17:00,07/10/2026 04:40
1af662e4-0ea5-4664-bc84-cf4fb7b296a5,npc.club,expired,,,high,medium,3,"GoDaddy.com, LLC",22/08/2023 13:50,22/08/2026 13:50,07/10/2026 04:50
39935e14-4b2f-41fa-b615-df6567e009d0,retrograde.ink,expired,,,high,low,10,"NameCheap, Inc.",30/07/2025 15:32,30/07/2026 15:32,07/10/2026 04:40
1fbe5a90-9556-4955-b279-e7f773bd0b3e,computing.house,expired,,,high,low,9,Dynadot Inc,09/08/2025 07:39,09/08/2026 07:39,07/10/2026 04:46
a785a549-bb71-4125-95a4-c760def9a40b,out.money,expired,,,high,low,3,Dynadot Inc,04/08/2024 17:00,04/08/2026 17:00,07/10/2026 04:43
9f935aea-10a9-461e-97ed-066aeb22b25f,rancher.direct,expired,,,high,low,7,"GoDaddy.com, LLC",07/08/2025 16:33,07/08/2026 16:33,07/10/2026 04:45
bbf7f18e-d0d4-4522-a9f3-33b6836eda5f,full.casa,expired,,,high,low,4,"NameSilo, LLC",13/09/2022 04:24,13/09/2026 04:24,07/10/2026 04:59
269b1b14-92b1-44ce-80f8-a0b1450c5406,refugee.wiki,expired,,,high,low,7,Sav.com LLC,16/08/2025 09:03,16/08/2026 09:03,07/10/2026 04:48
5c4e2b0b-3691-4fb7-bd17-616ab8d9ed4c,nicely.de,expired,,,high,low,6,,,,15/09/2026 16:32
c0c58e99-5cc8-4f02-a3e9-ccec3214765c,boreas.uk,expired,,,medium,low,6,Docky Company,31/08/2025 13:24,31/08/2026 13:24,07/10/2026 04:53
a95bbcf4-60e1-4ca5-9c76-6182cf240c14,padded.men,expired,,,high,low,6,"NameCheap, Inc.",22/07/2023 00:13,22/07/2026 00:13,07/10/2026 04:32
23f395c4-0c88-4742-9f02-416a6ef02d2b,aliens.ninja,expired,,,high,low,6,Domain Science Kutatási Szolgáltató Korlátolt Felelősségű Társaság,20/09/2025 15:15,20/09/2026 15:15,07/10/2026 05:02
821cd2d1-71fd-432a-944d-4af53bd4a11c,carambola.it,expired,,,medium,low,9,,02/06/2000 00:00,05/10/2026 00:00,07/10/2026 05:12
bae8f8db-7816-4bae-aa2a-01644b4fb9f2,activist.site,expired,,,high,low,8,"NameCheap, Inc.",18/08/2025 07:53,18/08/2026 23:59,07/10/2026 04:49
716608c7-5854-477e-bf9c-61dd6c8b44c3,bloom.domains,expired,,,high,medium,5,Domain Science Kutatási Szolgáltató Korlátolt Felelősségű Társaság,09/09/2025 15:15,09/09/2026 15:15,07/10/2026 04:58
f4e07aeb-9747-4c1b-b337-72497b6a7fbc,premier.watch,expired,,,high,low,7,Dynadot Inc,28/07/2025 17:00,28/07/2026 17:00,07/10/2026 04:39
e2fe4e70-635b-4623-ae72-f85ec7854cbe,upstage.pw,expired,,,high,low,7,"Unstoppable Domains, Inc.",04/08/2025 22:44,04/08/2026 23:59,07/10/2026 04:44
a172ceb5-f376-4035-b7f6-234fb2bd76c4,oversaw.so,expired,,,high,high,7,,,,
09b0f3eb-a2e9-44c4-b22b-b4b7710e6159,goyder.it,expired,,,high,high,6,,,,
88777c84-147e-4bda-b54b-a5ac12037eb5,survey.computer,expired,,,high,low,6,"Sav.com, LLC",21/07/2024 21:23,21/07/2026 21:23,07/10/2026 10:01
afd59376-83d9-4e30-b314-e57ec7c77669,zillion.fashion,expired,,,high,low,7,"Spaceship, Inc.",27/07/2025 08:16,27/07/2026 08:16,07/10/2026 04:38
3bc171a1-9ec6-4acc-803a-4fd66f39f0d9,basic.ink,expired,,,high,low,5,"GoDaddy.com, LLC",08/09/2025 03:01,08/09/2026 03:01,07/10/2026 04:57
069d4391-3e51-473a-a793-69748e5f0f92,airport.buzz,expired,,,high,low,7,Key-Systems LLC,08/09/2021 13:21,08/09/2026 13:21,07/10/2026 04:57
65e27c95-aefd-42a8-8530-72e714180c64,soignee.casa,expired,,,high,low,7,"NameCheap, Inc.",05/09/2025 07:46,05/09/2026 07:46,07/10/2026 04:55
1ef29ee9-78c1-4c27-8743-6cb6bd027f65,guide.deals,expired,,,high,low,5,Porkbun LLC,24/07/2025 03:32,24/07/2026 03:32,07/10/2026 04:34
a4dc2730-2e93-4b05-9c07-d0e709aff823,toys.run,expired,,,high,low,4,"Xiamen ChinaSource Internet Service Co., Ltd",05/08/2025 15:15,05/08/2026 15:15,07/10/2026 04:44
33ed552e-b9c2-4142-8965-e7c1caf6cf76,mythic.pw,expired,,,high,low,6,VIRTUA DRUG Kutatási Szolgáltató Korlátolt Felelősségű Társaság,11/09/2025 17:39,11/09/2026 23:59,07/10/2026 04:59
66624c32-b2c1-4a52-a1ca-50538605bc6d,sass.one,expired,,,high,low,4,"Spaceship, Inc.",30/09/2025 00:03,30/09/2026 00:03,07/10/2026 05:08
5d5bd43a-aaeb-41ab-a215-6ed222907c45,illuminate.health,expired,,,high,low,10,Lexsynergy Limited,15/08/2017 03:34,15/08/2026 03:34,07/10/2026 04:48
cbfd9703-4e40-4547-9cb8-e65fa556cc4b,nevermore.store,expired,,,medium,low,9,"GoDaddy.com, LLC",30/07/2025 06:46,30/07/2026 23:59,07/10/2026 04:40
85965d9a-da72-4a87-9a82-4cf1cbed6483,padres.it,expired,,,high,medium,6,,31/08/2010 23:06,30/09/2026 00:00,07/10/2026 05:08
847a3870-9ca2-4aa9-b181-92eae90986e3,wetzel.so,expired,,,high,high,6,,,,
d6e8f712-a937-4595-a323-077b2e910283,lite.moe,expired,,,high,low,4,"NameSilo, LLC",07/09/2019 15:28,07/09/2026 15:28,07/10/2026 04:56
38e8d99d-5297-4594-add1-198dec4772fa,wholesale.rocks,expired,,,high,low,9,Dynadot Inc,08/08/2025 20:42,08/08/2026 20:42,07/10/2026 04:46
ebf865de-12d5-40b2-8eb9-7ca70db17405,swan.wiki,expired,,,high,low,4,"Spaceship, Inc.",15/08/2025 07:10,15/08/2026 07:10,07/10/2026 04:48
3d160085-0eb4-4339-8400-1fdfe03cc3d9,watermelon.trade,expired,,,high,low,10,Porkbun,01/08/2025 16:36,01/08/2026 16:36,07/10/2026 04:42
997c77f7-c73c-435a-8f3f-3a08cd2e51b8,focus.show,expired,,,high,medium,5,Dynadot Inc,26/07/2017 15:43,26/07/2026 15:43,07/10/2026 04:37
3a433db7-6c9c-47e2-9049-05e42aa607b8,white.today,expired,,,high,medium,5,Dynadot Inc,08/08/2025 19:25,08/08/2026 19:25,07/10/2026 04:45
97dd1f3d-5892-413c-99a9-9d965a24d98b,plus.loans,expired,,,high,low,4,"Spaceship, Inc.",04/08/2025 19:48,04/08/2026 19:48,07/10/2026 04:43
f012567e-2c95-440d-a4a2-0f16d6a0e293,paged.so,expired,,,high,low,5,,,,
e5ae00e3-279b-4b4b-8c1f-832b44ae8569,moriarty.at,expired,,,high,low,8,registrant:     <data not disclosed>,,,30/09/2026 13:37
bb0cf729-0747-483e-9a75-207e8c182c39,ford.tv,expired,,,high,high,4,Marcaria International LLC,14/09/2017 20:45,14/09/2026 20:45,07/10/2026 05:00
5ff710ed-29f6-4af9-825b-b918df2bee49,elevation.biz,expired,,,high,low,9,"Wild West Domains, Inc.",19/09/2020 23:16,19/09/2026 23:16,07/10/2026 05:02
cc3eec99-9f3a-473c-9710-8a61bc8f1f1f,panda.engineer,expired,,,high,medium,5,Domain Science Kutatási Szolgáltató Korlátolt Felelősségű Társaság,09/09/2025 15:15,09/09/2026 15:15,07/10/2026 04:58
625fa46e-63fd-413c-97f4-9c38ace7ee6d,rare.health,expired,,,high,medium,4,"GoDaddy.com, LLC",07/09/2019 05:59,07/09/2026 05:59,07/10/2026 04:56
3580da81-f3e2-4586-b8ed-17aa18d27b37,ranking.bayern,expired,,,high,low,7,Vautron Rechenzentrum AG,30/09/2014 10:26,30/09/2026 10:26,07/10/2026 05:08
f748cec9-8e76-4fc1-8a9a-14c1e476ecf8,barbeque.nyc,expired,,,high,low,8,"GoDaddy.com, LLC",14/08/2015 06:24,13/08/2026 23:59,07/10/2026 04:47
03f0ab0f-90e7-40d3-b834-0f920240bbce,roosevelt.it,expired,,,high,low,9,,05/10/2005 00:00,05/10/2026 00:00,07/10/2026 05:12
d2161345-750e-4d60-a77f-151afa251129,cybernetic.site,expired,,,high,low,10,Registrar of Domain Names REG.RU LLC,03/08/2025 13:43,03/08/2026 23:59,07/10/2026 04:43
e8263325-8e58-4578-960f-b44bb92e8b0f,unashamed.uk,expired,,,medium,low,9,"GoDaddy.com, LLC.",21/08/2023 22:16,21/08/2026 22:16,07/10/2026 04:50
135b9e5b-2472-49fa-93ad-192e9bcaca99,kernel.casa,expired,,,high,low,6,"NameCheap, Inc.",02/09/2025 11:00,02/09/2026 11:00,07/10/2026 04:54
6e00101b-860d-4ef5-8fe3-ce3656713578,torture.it,expired,,,medium,low,7,,21/09/2023 16:00,19/09/2026 00:00,07/10/2026 05:01
c09e855b-1926-4cf2-b18b-32f280355561,rock.gold,expired,,,high,low,4,"DNSPod, Inc.",10/08/2019 22:12,10/08/2026 22:12,07/10/2026 04:46
3cd2da94-8bd8-4c74-91c1-3d260c27551f,jack.cx,expired,,,high,medium,4,CentralNic Ltd,17/09/2025 21:33,17/09/2026 21:33,07/10/2026 05:01
a300f7b2-7f3d-438f-a39f-d13a7a4a16e4,czech.porn,expired,,,high,low,5,"Spaceship, Inc.",23/08/2025 01:41,23/08/2026 01:41,07/10/2026 04:50
4b0de1fd-1c7f-4a84-9771-7603f228c316,must.it,expired,,,high,low,4,,07/09/1998 00:00,30/09/2026 00:00,07/10/2026 05:08
7a5c8c95-1380-4cf8-a7c5-6ead2b9b7767,prophetic.live,expired,,,high,low,9,"GoDaddy.com, LLC",24/07/2020 22:51,24/07/2026 22:51,07/10/2026 04:35
1a793611-5457-493c-9a8d-82e8230e6a69,vibrant.tube,expired,,,high,low,7,united-domains GmbH,15/08/2024 04:40,15/08/2026 04:40,07/10/2026 04:48
07095a83-7b6d-4cb5-9861-cc6227e3f922,evergreen.fit,expired,,,high,low,9,"GoDaddy.com, LLC",12/09/2024 21:37,12/09/2026 21:37,07/10/2026 04:59
485df590-b08a-40ab-979d-722db697fdb4,promotive.club,expired,,,high,low,9,"Spaceship, Inc.",24/09/2025 16:19,24/09/2026 16:19,07/10/2026 05:04
2fde683d-94ed-4054-a6cd-3ed54ad4cf82,teams.menu,expired,,,high,low,5,Tucows Domains Inc.,04/10/2025 16:33,04/10/2026 16:33,07/10/2026 05:12
e0aa22d3-fe47-4fb9-84d7-e9a125d6c49c,comic.fit,expired,,,high,low,5,"GoDaddy.com, LLC",08/09/2025 02:59,08/09/2026 02:59,07/10/2026 04:57
1e90443c-7647-42e8-bafb-106f832137d1,lank.buzz,expired,,,medium,low,4,"NameSilo, LLC",29/07/2025 10:23,29/07/2026 10:23,07/10/2026 04:39
12e0a5ab-e48c-49fd-b341-2f574f7144d9,came.now,expired,,,high,low,4,Dynadot Inc,24/07/2025 19:19,24/07/2027 19:19,05/10/2026 04:45
4dace9f2-4d65-4bab-85be-392dab0a1561,prodigal.us,expired,,,high,low,8,"GoDaddy.com, LLC",07/10/2009 05:39,06/10/2026 23:59,07/10/2026 05:16
e643f349-d157-45ba-8ccd-fc7efcbc2748,medal.club,expired,,,high,low,5,"Spaceship, Inc.",27/08/2015 18:26,26/08/2026 23:59,07/10/2026 04:52
5b320b1a-ae15-48b0-8276-829447b5c3ee,enrich.fund,expired,,,high,low,6,"Xiamen ChinaSource Internet Service Co., Ltd",13/08/2025 15:15,13/08/2026 15:15,07/10/2026 04:47
d10fb314-8706-4389-9548-68d321aea897,cabbages.it,expired,,,medium,low,8,,09/09/2010 22:42,23/09/2026 00:00,07/10/2026 05:03
988e1436-47bd-4c4a-94bf-56a95f568f3a,atop.digital,expired,,,medium,low,4,Domain Science Kutatási Szolgáltató Korlátolt Felelősségű Társaság,11/09/2025 15:15,11/09/2026 15:15,07/10/2026 04:58
b5d621ca-665f-4b85-a597-9984e39732e8,ajay.earth,expired,,,medium,low,4,"NameSilo, LLC",06/09/2020 12:17,06/09/2026 12:17,07/10/2026 04:56
3d921976-a424-4094-b3bf-5a2835f202fc,optimum.best,expired,,,high,low,7,Dynadot Inc,25/07/2025 00:02,25/07/2026 23:59,07/10/2026 04:36
6290a382-525d-4fe8-92b4-4417168d025c,vegetable.one,expired,,,high,low,9,"Spaceship, Inc.",20/09/2024 00:15,20/09/2026 00:15,07/10/2026 05:02
9b41d7e8-a468-4855-ad0c-ae39690aee05,webbed.ink,expired,,,medium,low,6,"GoDaddy.com, LLC",24/09/2025 02:14,24/09/2026 02:14,07/10/2026 05:04
87fba8c5-657d-49dd-9d75-4097e9d97bc5,australiana.it,expired,,,high,high,11,,24/09/2018 16:00,24/09/2026 00:00,07/10/2026 05:04
1113daae-9cf9-4dc3-bdb6-04fa33310152,ventolin.store,expired,,,high,low,8,VIRTUA DRUG Kutatási Szolgáltató Korlátolt Felelősségű Társaság,04/10/2025 00:06,04/10/2026 23:59,07/10/2026 05:12
d994f3ba-7c09-46f6-af74-c2639a187cb0,nah.mx,expired,,,high,low,3,NEUBOX Internet SA de CV,04/10/2023 00:00,04/10/2026 00:00,07/10/2026 05:11
d4527aed-2344-4569-9583-74152089dcfb,mat.xxx,expired,,,high,low,3,"Network Solutions, LLC",14/08/2013 08:26,14/08/2026 08:26,07/10/2026 04:47
caa6a58a-ec3e-45b1-8cd7-58545e3f5229,ship.baby,expired,,,high,low,4,Dynadot Inc,24/07/2025 08:13,24/07/2026 23:59,07/10/2026 04:36
e8756454-6f52-4e9d-b94a-e811d1e77dd0,leapfrogs.it,expired,,,medium,low,9,,,,
8f784d87-5747-484e-9868-20f931b50da4,demobilise.it,expired,,,high,medium,10,,,,
8681676a-0d73-43f8-96a8-9410ec295a63,minstrel.tv,expired,,,high,low,8,Nominalia Internet S.L.,04/09/2000 13:19,04/09/2026 13:19,07/10/2026 04:55
350a9b0a-4fd9-4fa6-b060-ebc3006fd56c,mod.miami,expired,,,high,low,3,"GoDaddy.com, LLC",17/09/2025 16:22,17/09/2026 16:22,07/10/2026 05:01
ad3f7f94-4455-4ea8-a7c5-bc002bc39740,gyrate.me,expired,,,high,low,6,"NameCheap, Inc.",25/07/2024 20:16,25/07/2026 20:16,07/10/2026 04:36
bf759425-fdc7-48b0-be74-53c971c7da18,ailment.casa,expired,,,medium,low,7,"NameCheap, Inc.",29/08/2025 13:48,29/08/2026 13:48,07/10/2026 04:53
24913eb3-1276-40c2-abe1-22441204212d,pricing.world,expired,,,high,low,7,"Sav.com, LLC - 25",01/08/2025 15:15,01/08/2026 15:15,07/10/2026 04:42
be5bf9d2-caff-4a4d-9d99-108a49a70b35,door.media,expired,,,high,low,4,"NameCheap, Inc.",27/07/2017 10:32,27/07/2026 10:32,07/10/2026 04:38
fef69d52-509a-4441-8b4d-0b69a6bc6ec5,tai.fitness,expired,,,high,low,3,"Amazon Registrar, Inc.",26/07/2023 17:47,26/07/2026 17:47,07/10/2026 04:37
0235c113-7561-499e-83dc-5f3a652e77cd,everest.law,expired,,,high,low,7,Key-Systems LLC,23/08/2022 06:44,23/08/2026 06:44,07/10/2026 04:51
a250d130-71ed-4293-bec9-d329ae218c8c,haircut.tv,expired,,,medium,low,7,Dynadot Inc,30/09/2019 08:57,30/09/2026 08:57,07/10/2026 19:44
65cbb834-4689-4ec5-aafe-26740c35c3ad,absolute.autos,expired,,,high,low,8,"Spaceship, Inc.",21/08/2025 20:28,21/08/2026 23:59,07/10/2026 04:50
69dc106e-e8d0-455d-9fdc-9b807d74313c,pineapple.global,expired,,,high,low,9,"Xiamen ChinaSource Internet Service Co., Ltd",10/08/2025 15:15,10/08/2026 15:15,07/10/2026 04:46
491c3938-4792-467c-ae45-03f92964fe84,talked.so,expired,,,high,low,6,,,,
8dc128f1-9be9-4939-9633-e7e43840a71b,trusted.mx,expired,,,high,medium,7,united-domains GmbH,21/08/2020 00:00,21/08/2026 00:00,07/10/2026 04:50
288643c7-ea55-408b-9f34-ed8af9c52ad2,pendent.casa,expired,,,medium,low,7,"NameCheap, Inc.",22/07/2025 07:03,22/07/2026 07:03,07/10/2026 04:32
ad687e27-5464-4e89-9148-65542accfc97,fake.clothing,expired,,,high,low,4,Domain Science Kutatási Szolgáltató Korlátolt Felelősségű Társaság,02/09/2025 15:15,02/09/2026 15:15,07/10/2026 04:54
d60be212-da59-4988-9f7c-4860aee2f7d8,function.name,expired,,,high,low,8,Key-Systems GmbH,03/08/2021 09:30,03/08/2026 09:30,07/10/2026 04:43
07762f89-535e-41d1-bf70-2f731f81924f,gumptio.us,expired,,,high,low,9,Dynadot Inc,30/07/2025 22:58,30/07/2026 22:58,07/10/2026 04:40
91cddf7d-f611-4e23-8ecd-5b994bd81e0a,broadcast.store,expired,,,high,low,9,"GoDaddy.com, LLC",18/08/2025 19:50,18/08/2026 23:59,07/10/2026 17:00
3749166a-22fd-48b0-83a2-78cf4cad5cc9,intro.best,expired,,,high,low,5,"Sav.com, LLC",28/07/2025 17:07,28/07/2026 23:59,07/10/2026 04:39
087ff177-afd7-4865-9e05-8b0dd8a27527,creek.uk,expired,,,high,low,5,Domainlore LLC,04/10/2019 13:51,04/10/2026 13:51,07/10/2026 05:12
c401fbfe-ddbb-45f4-9a63-c8ea5c20d945,david.game,expired,,,high,medium,5,"NameCheap, Inc.",31/07/2024 17:20,31/07/2026 23:59,07/10/2026 04:41
dbeb1e11-5498-4ad5-a1e0-aa85a9db07c9,additionally.it,expired,,,medium,low,12,,13/09/2011 00:07,28/09/2026 00:00,07/10/2026 05:06
82396b43-c983-485f-b332-c4ace21d2e5c,dancer.beer,expired,,,high,low,6,"NameCheap, Inc.",22/08/2025 19:29,22/08/2026 19:29,07/10/2026 04:50
fe8921c4-028d-4bd7-81b0-11c8f64e8cfc,looted.eu,expired,,,medium,low,6,"Name: Dynadot, LLC Website: https://www.dynadot.com/domain/eu.html",,,24/08/2026 09:45
c3b34889-d288-45a6-9bc1-a8495a215a9b,coconut.center,expired,,,high,low,7,Dynadot Inc,28/07/2025 17:00,28/07/2026 17:00,07/10/2026 04:39
1abce48c-4584-463d-a562-865dc4a3dbc7,commands.onl,expired,,,medium,low,8,"NameSilo, LLC",10/08/2025 05:24,10/08/2026 05:24,07/10/2026 04:46
4b73f978-90e5-48d3-b0a6-d0ac416fd06f,lovingly.uk,expired,,,high,low,8,webber.ltd t/a DOMAINS FOR SALE,09/08/2023 10:07,09/08/2026 10:07,07/10/2026 04:46
5a2c87ed-5bc7-447a-8632-37bb67648837,yung.uk,expired,,,medium,low,4,Realtime Register BV,05/08/2022 22:37,05/08/2026 22:37,07/10/2026 04:44
7080e534-406d-4c59-b87a-bd702940eab4,smoothly.one,expired,,,high,low,8,"NameCheap, Inc.",22/08/2025 00:17,22/08/2026 00:17,07/10/2026 04:50
c226add4-6feb-482e-9ffe-4e41e8b53f58,peak.institute,expired,,,high,medium,4,"Sav.com, LLC",02/08/2025 17:12,02/08/2026 17:12,07/10/2026 04:42
fc8ce820-59a6-4ca2-bb29-5262c7971dff,likely.uk,expired,,,high,low,6,webber.ltd t/a DOMAINS FOR SALE,06/10/2023 13:00,06/10/2026 13:00,07/10/2026 05:13
f7abc8e2-2e07-479d-b674-999a637ffa74,diomedes.it,expired,,,medium,low,8,,30/04/2001 00:00,04/10/2026 00:00,07/10/2026 05:11
8a03685d-3ea3-4a32-a788-195d3289d4a5,trying.golf,expired,,,high,low,6,"GoDaddy.com, LLC",22/07/2025 18:21,22/07/2026 18:21,07/10/2026 04:33
52ecbe13-cc5f-4aad-9c4a-8b41f41138d5,malibu.taxi,expired,,,high,low,6,Porkbun LLC,06/08/2025 07:24,06/08/2026 07:24,07/10/2026 04:44
02cda01d-fe4c-4aae-a0fc-215a2c8716ec,adjuvant.me,expired,,,high,low,8,"GoDaddy.com, LLC",23/07/2018 21:08,23/07/2026 21:08,07/10/2026 04:34
f76c972f-e738-4968-99bc-6a4853f88e05,awake.cricket,expired,,,high,low,5,"Cloudflare, Inc.",24/09/2021 23:28,24/09/2026 23:28,07/10/2026 05:04
5ba5d779-4d6c-4154-bbeb-a0c301038885,pied.tv,expired,,,medium,low,4,INWX GmbH,19/09/2016 15:43,19/09/2026 15:43,07/10/2026 05:02
805e0a5d-d09f-4e47-8f61-73350fbdbd30,environment.now,expired,,,high,low,11,Porkbun LLC,31/07/2025 07:49,31/07/2027 07:49,07/10/2026 23:45
9f0e1530-c052-47f6-a0d9-d61238916142,plan.mba,expired,,,high,medium,4,"Sav.com, LLC",20/08/2025 20:13,20/08/2026 20:13,07/10/2026 05:36
9d899673-4287-4b35-8727-08277825c831,curling.biz,expired,,,high,low,7,InternetX GmbH,09/09/2019 06:49,09/09/2026 06:49,07/10/2026 04:58
5e012c93-104d-4e0b-ad12-6fd92366101a,because.one,expired,,,high,low,7,"Spaceship, Inc.",06/08/2025 14:47,06/08/2026 14:47,07/10/2026 04:44
796fc77c-ebd2-4791-9b53-6d959a9c0eea,market.irish,expired,,,high,medium,6,Dynadot Inc,24/07/2025 17:00,24/07/2026 17:00,07/10/2026 04:35
5e4293b0-c388-40fd-a501-226ce89f76e8,americas.uk,expired,,,high,low,8,Premkumar Veerabadran t/a sitekart,04/10/2024 13:01,04/10/2026 13:01,07/10/2026 05:12
9083df98-5ebe-4abc-83f3-d942ee1bfe47,volcanos.it,expired,,,medium,low,8,,,,
276244a0-96c5-438e-aefe-07b747f60fd4,alto.careers,expired,,,high,low,4,"NameCheap, Inc.",31/07/2025 07:09,31/07/2026 07:09,07/10/2026 04:41
05fa0ccf-5b1c-4f28-8aaf-523665aa953a,capable.biz,expired,,,high,low,7,Porkbun,07/09/2025 21:03,07/09/2026 21:03,07/10/2026 04:56
817d9a4f-abe8-4579-9f42-8fc11773f46c,volkswagen.boston,expired,,,high,low,10,1API GmbH,23/08/2017 08:14,23/08/2026 08:14,07/10/2026 04:51
6c182644-3fa8-48a4-b92e-78180891a28a,curzon.uk,expired,,,medium,low,6,Jonathan Gregory t/a isurveyor.com,06/10/2025 09:53,06/10/2026 09:53,07/10/2026 05:13
9b0d6394-3745-4278-90da-e2e3abe2efee,holidays.now,expired,,,high,low,8,"Spaceship, Inc.",20/07/2025 12:50,20/07/2027 12:50,05/10/2026 04:38
555d4b77-6c01-40ac-9dc9-4137ebfd831f,eclectic.ink,expired,,,high,low,8,"NameCheap, Inc.",25/07/2025 10:03,25/07/2026 10:03,07/10/2026 04:36
67b0f664-71c9-4f5a-b628-fa084aaa349d,dominate.gay,expired,,,high,low,8,"GoDaddy.com, LLC",07/10/2025 04:37,07/10/2026 04:37,07/10/2026 05:17
49a9a152-0bcf-4b2a-8346-07f4e3262a06,caracas.uk,expired,,,high,low,7,"Cloudflare, Inc.",31/08/2024 12:24,31/08/2026 12:24,07/10/2026 04:53
4b8f7bd1-0c8e-4d23-a137-2516d77c2199,noun.vip,expired,,,high,low,4,Dynadot Inc,21/09/2025 10:36,21/09/2026 10:36,07/10/2026 05:02
d7393dc9-b77f-4cb8-8cb9-4a63185efddc,garlic.work,expired,,,high,low,6,Porkbun,02/10/2015 22:02,02/10/2026 22:02,07/10/2026 05:10
1024eb52-e362-4de5-ac7f-67c4dac678be,goings.it,expired,,,medium,low,6,,18/09/2010 20:07,01/10/2026 00:00,07/10/2026 05:09
4d873267-3ccc-4021-8024-f5e0f9c28a47,kiosk.it,expired,,,high,low,5,,17/09/2012 11:59,04/10/2026 00:00,07/10/2026 05:11
e5ab3d10-de45-4737-8325-9168f0036379,sic.expert,expired,,,high,low,3,"NameCheap, Inc.",04/08/2025 16:27,04/08/2026 16:27,07/10/2026 04:43
66bd41a2-d8c1-463c-b641-5037c005878e,sheer.world,expired,,,high,low,5,"Sav.com, LLC - 47",27/07/2025 15:15,27/07/2026 15:15,07/10/2026 04:38
3fb3d10b-e756-43cd-ba9a-40e88f1f386c,chicken.live,expired,,,high,low,7,Domain Science Kutatási Szolgáltató Korlátolt Felelősségű Társaság,05/09/2025 15:15,05/09/2026 15:15,07/10/2026 04:55
3e005890-75be-4249-b860-f82160e5b9a7,rebel.health,expired,,,high,medium,5,Dynadot Inc,22/09/2025 05:15,22/09/2026 05:15,07/10/2026 05:03
1fc2d86e-ca50-4839-a981-bca6839fe6b5,mark.direct,expired,,,high,medium,4,Domain Science Kutatási Szolgáltató Korlátolt Felelősségű Társaság,15/08/2025 15:15,15/08/2026 15:15,07/10/2026 04:48
233d160d-52f1-49d3-a9e7-780b78312fa6,changeable.fit,expired,,,medium,low,10,"NameCheap, Inc.",27/07/2025 16:43,27/07/2026 16:43,07/10/2026 04:38
aadddf52-5f2c-426d-81fd-8489204ebe30,newly.fit,expired,,,high,low,5,"Spaceship, Inc.",21/08/2025 20:28,21/08/2026 20:28,07/10/2026 04:50
26d9c154-49fd-4318-a974-100c17cdde5c,harmony.zone,expired,,,high,low,7,"Xiamen ChinaSource Internet Service Co., Ltd",08/08/2020 00:26,08/08/2026 00:26,07/10/2026 04:45
09c75fc7-2867-4f08-a7e7-39bf5a5707db,fascination.at,expired,,,high,low,11,registrant:     <data not disclosed>,,,29/09/2026 16:24
eb62e00d-bd0f-4530-8a79-c2589a9a13e1,heed.club,expired,,,high,low,4,"GoDaddy.com, LLC",07/08/2019 10:56,07/08/2026 10:56,07/10/2026 04:45
67a81326-c4b4-4e55-808f-3fef1e2cdaa9,hands.one,expired,,,high,low,5,Dynadot Inc,29/08/2025 06:41,29/08/2026 06:41,07/10/2026 04:53
685ee452-115e-4590-b5b9-dc2678efe930,rattle.one,expired,,,high,low,6,"Spaceship, Inc.",14/08/2025 19:20,14/08/2026 19:20,07/10/2026 04:48
30050ded-725c-4aa0-9955-4458e7e45fd7,yes.contractors,expired,,,high,medium,3,Porkbun LLC,01/08/2023 04:06,01/08/2026 04:06,07/10/2026 04:41
7ce89bb7-9281-400b-91af-616ae7e033f0,cantaloupe.it,expired,,,high,low,10,,31/08/2010 09:40,30/09/2026 00:00,07/10/2026 05:08
bdea6373-a253-4806-98bd-4316a7285616,persisted.so,expired,,,medium,low,9,,,,
57b0fdc7-ef63-4407-bdc1-f41ee420d5bb,upscale.pictures,expired,,,high,low,7,Domain Science Kutatási Szolgáltató Korlátolt Felelősségű Társaság,20/09/2025 15:15,20/09/2026 15:15,07/10/2026 05:02
11b13ec3-4066-4237-9c78-7c136862e7e8,epidemic.one,expired,,,high,low,8,"Spaceship, Inc.",30/07/2025 00:03,30/07/2026 00:03,07/10/2026 04:40
92363c53-44c5-4cb3-b640-52b3dcb97821,protein.kaufen,expired,,,high,low,7,Domain Science Kutatási Szolgáltató Korlátolt Felelősségű Társaság,25/09/2025 15:15,25/09/2026 15:15,07/10/2026 05:05
13dcc560-6f1d-4523-9355-375d577a678d,palliative.live,expired,,,high,low,10,"NameCheap, Inc.",08/08/2025 13:20,08/08/2026 13:20,07/10/2026 04:45
a8a3da75-6f76-4110-948b-e9dba6df531e,adroit.one,expired,,,high,low,6,Dynadot Inc,28/09/2025 00:00,28/09/2026 00:00,07/10/2026 05:07
4866a3af-76de-44c8-aff8-a0e88891e728,developing.one,expired,,,high,low,10,"Spaceship, Inc.",25/09/2025 23:39,25/09/2026 23:39,07/10/2026 05:05
b4ee646f-5dcd-4fa1-a273-5ef0ec24e6ae,song.download,expired,,,high,low,4,"NameCheap, Inc.",30/07/2019 06:37,30/07/2026 06:37,07/10/2026 04:40
d1ffc21b-6b90-4f30-a104-de0c6f069a34,rascality.so,expired,,,high,high,9,,,,
51242404-ee65-45cf-8309-4b8b6caabdd1,keys.tax,expired,,,high,medium,4,"GoDaddy.com, LLC",15/08/2021 04:36,15/08/2026 04:36,07/10/2026 04:48
8c6a10e6-a62f-4731-a8a6-368ff0077cee,hipaa.online,expired,,,high,low,5,VIRTUA DRUG Kutatási Szolgáltató Korlátolt Felelősségű Társaság,19/09/2025 10:13,19/09/2026 23:59,07/10/2026 05:02
a1648c7c-b4ac-4dc7-8a84-a0a895361622,monochrome.work,expired,,,high,low,10,"GMO Internet, Inc. d/b/a Onamae.com",10/08/2017 15:48,10/08/2026 15:48,07/10/2026 04:46
8cf4fc5d-485e-46fe-94e2-1ded96123e0e,commission.so,expired,,,high,low,10,,,,
917185df-383e-42c4-90c4-b310e43bfbbd,spoon.now,expired,,,high,low,5,Dynadot Inc,30/07/2025 03:05,30/07/2027 03:05,05/10/2026 04:51
46627779-8e40-4e5f-bbbd-0ae108c63dba,limitless.moda,expired,,,high,medium,9,Domain Science Kutatási Szolgáltató Korlátolt Felelősségű Társaság,06/09/2025 15:16,06/09/2026 15:16,07/10/2026 04:56
0a740859-b918-4ac8-b33e-07153ddbc572,fortifying.it,expired,,,high,high,10,,,,
e2097497-f8de-4ebe-a57c-24e1204db238,personal.one,expired,,,high,low,8,"GoDaddy.com, LLC",31/07/2023 21:15,31/07/2026 21:15,07/10/2026 04:41
58ceb2d1-8e0a-46e1-8db9-eb2cef51b269,continent.poker,expired,,,high,low,9,Domain Science Kutatási Szolgáltató Korlátolt Felelősségű Társaság,04/09/2025 15:15,04/09/2026 15:15,07/10/2026 04:55
6471af2f-438b-4f1f-aace-5f0e92bf4cb6,whir.biz,expired,,,medium,low,4,"NameCheap, Inc.",28/07/2025 10:10,28/07/2026 10:10,07/10/2026 04:38
9e89ca4e-21eb-4756-bf3a-a9fb7112e053,kindred.giving,expired,,,high,low,7,"Name.com, Inc.",02/08/2025 13:40,02/08/2026 13:40,07/10/2026 04:42
4b119187-39ba-43e1-a824-556c2dd31afc,square.stream,expired,,,high,medium,6,Squarespace Domains II LLC,27/07/2022 20:57,27/07/2026 20:57,07/10/2026 04:38
261f69b9-0515-4e04-bde8-c7b2265ae4b2,omniscient.biz,expired,,,high,low,10,Vautron Rechenzentrum AG,27/09/2008 13:01,26/09/2026 23:59,07/10/2026 05:06
2e228d39-f895-4c0d-895b-5897a6b8f4b0,whirr.trade,expired,,,medium,low,5,"GoDaddy.com, LLC",11/09/2025 17:24,11/09/2026 17:24,07/10/2026 04:58
75cd7f21-3a9e-4db8-8d3e-d05db4c69b2c,uml.me,expired,,,high,low,3,Porkbun LLC,16/08/2025 17:03,16/08/2026 17:03,07/10/2026 04:48
cba1a7d3-829a-4805-a5fd-777607ea7381,ambrosia.tv,expired,,,high,low,8,"Sav.com, LLC - 4",03/10/2025 00:00,03/10/2026 00:00,07/10/2026 05:11
286d61c4-962e-420e-abfa-a6c41b5e748d,carsick.uk,expired,,,medium,low,7,"GoDaddy.com, LLC.",04/08/2025 00:40,04/08/2026 00:40,07/10/2026 04:43
a0107328-cd6f-4bdf-a440-82433fc2d32c,answer.ink,expired,,,high,low,6,"Sav.com, LLC - 3",30/08/2025 00:02,30/08/2026 00:02,07/10/2026 04:53
647c20d6-3d2c-4cdb-aac9-787da9494566,zag.design,expired,,,high,low,3,Dynadot Inc,23/08/2025 19:54,23/08/2026 19:54,07/10/2026 04:51
7ed7bc44-27ec-4471-a743-4fc6e0c19bf1,rhombic.cv,expired,,,medium,low,7,Dynadot,27/09/2025 19:19,27/09/2026 19:19,07/10/2026 05:06
8ad3647a-a3c2-4924-acbe-1bbd8d215ecb,sooner.us,expired,,,high,low,6,"Spaceship, Inc.",29/09/2022 00:00,29/09/2026 00:00,07/10/2026 05:07
33b50f05-507f-4131-b606-d40bebdf05a5,anthropic.makeup,expired,,,high,high,9,Alibaba Cloud Computing Ltd. d/b/a HiChina (www.net.cn),08/08/2025 01:17,08/08/2026 23:59,07/10/2026 04:46
b13aec52-d7c8-41cc-a743-8962b081dbb7,hitting.uk,expired,,,high,low,7,Sirius Telecom Ltd,12/09/2020 06:54,12/09/2026 06:54,07/10/2026 04:59
7d6a1487-9f2b-4556-aac6-19da99a4fd24,notable.one,expired,,,high,medium,7,Dynadot Inc,08/09/2025 06:00,08/09/2026 06:00,07/10/2026 04:57
dea7219e-286c-4ec3-b3c4-d89ffad1ca95,crooked.it,expired,,,medium,low,7,,10/09/2024 23:35,10/09/2026 00:00,07/10/2026 04:58
c731af4d-5f39-4d9e-8cf3-7aa32255ce8f,refugee.at,expired,,,high,low,7,easyname GmbH ( https://nic.at/registrar/414 ),,,28/09/2026 20:17
a32a663e-2365-4485-aef7-4d2c0f616cbd,fortifies.it,expired,,,low,low,9,,,,
c2359715-2c01-4835-80c0-436a224b66d0,glory.best,expired,,,high,low,5,Dynadot Inc,25/07/2025 00:02,25/07/2026 23:59,07/10/2026 04:36
b054e982-4b1c-474d-9ff9-bde6846c0958,uncrowned.us,expired,,,high,low,9,"GoDaddy.com, LLC",28/08/2025 02:55,28/08/2026 02:55,07/10/2026 04:52
c345dab4-0a4c-4cf8-9ac1-46d986133f06,nationality.uk,expired,,,high,low,11,Jonathan Gregory t/a isurveyor.com,23/09/2025 17:08,23/09/2026 17:08,07/10/2026 05:04
c27ed2d1-1c37-487d-9c4f-1d2908f6bcc2,bein.group,expired,,,medium,low,4,"Sav.com, LLC - 48",19/08/2025 15:15,19/08/2026 15:15,07/10/2026 04:49
b2fa5735-f52f-4fc1-8dde-c2e34c277a4f,session.photography,expired,,,high,low,7,"NameCheap, Inc.",08/08/2024 00:08,08/08/2026 00:08,07/10/2026 04:45
6edc4203-b5fc-495a-a0ff-256efeea8053,staff.health,expired,,,high,low,5,Dynadot Inc,16/08/2025 14:24,16/08/2026 14:24,07/10/2026 04:48
423914c1-8243-41d9-a069-3fd5b44b6115,glazed.biz,expired,,,high,low,6,"GoDaddy.com, LLC",15/09/2025 01:04,15/09/2026 01:04,07/10/2026 05:00
fc59e7ad-c2bb-4dfe-91a3-3bc2afd1c3f1,concord.stream,expired,,,high,low,7,"Cloudflare, Inc.",23/09/2024 04:19,23/09/2026 04:19,07/10/2026 05:04
301e8619-1962-497d-9152-3e4b56c88ce6,script.beer,expired,,,high,low,6,Porkbun,29/09/2025 12:29,29/09/2026 12:29,07/10/2026 05:07
16f07bfc-dceb-43f7-83e9-007322944194,neat.capital,expired,,,high,low,4,Porkbun LLC,26/07/2025 08:36,26/07/2026 08:36,07/10/2026 04:37
44a53042-99d8-4e7e-852d-25bc57706aa9,mostly.at,expired,,,high,low,6,1API GmbH ( https://nic.at/registrar/578 ),,,28/09/2026 13:39
e49073c1-5c68-4430-856e-327c1009db77,planets.it,expired,,,medium,low,7,,24/07/1997 00:00,29/08/2026 00:00,07/10/2026 04:53
03b8585e-5a75-415f-8a73-185b79346256,sand.it,expired,,,high,low,4,,11/07/2007 09:35,03/10/2026 00:00,07/10/2026 05:11
c9e31c50-31ca-4f18-a1bc-12a7c4bfacb0,anesthesia.at,expired,,,high,low,10,registrant:     <data not disclosed>,,,28/09/2026 21:08
62fc7d95-4512-476f-b2dc-8bb38d00a9ad,matchbox.one,expired,,,high,low,8,"Spaceship, Inc.",03/10/2025 00:05,03/10/2026 00:05,07/10/2026 07:37
4d4173d2-cf29-416a-bbda-7c24c18f6c82,assistances.it,expired,,,medium,low,11,,03/09/2011 15:27,03/10/2026 00:00,07/10/2026 05:10
6dee8f1f-ea3f-4381-bbd1-8e7da703849c,hobbes.it,expired,,,medium,low,6,,05/07/2011 00:45,05/10/2026 00:00,07/10/2026 05:12
27e8e0d8-f1af-4009-9ba1-2e46eb5b8288,operatic.uk,expired,,,medium,low,8,UK Internet Services Ltd,16/09/2023 22:55,16/09/2026 22:55,07/10/2026 05:00
0491675b-b637-4d29-9161-87bad9e74c8e,proper.cash,expired,,,high,low,6,Porkbun LLC,26/07/2025 08:36,26/07/2026 08:36,07/10/2026 04:37
3a31bff4-5248-4bf0-b328-fd1dc5ac452a,driver.technology,expired,,,high,low,6,Dynadot Inc,24/07/2025 17:00,24/07/2026 17:00,07/10/2026 04:35
fdc5408a-5231-464d-8030-4b430ede9392,networks.bayern,expired,,,high,low,8,"PSI-USA, Inc. dba Domain Robot",30/09/2014 10:00,30/09/2026 10:00,07/10/2026 05:08
47a6df0a-78fe-4fa2-a879-6603b98fc67f,capital.video,expired,,,high,medium,7,"Name.com, Inc.",01/08/2025 00:29,01/08/2027 00:29,06/10/2026 23:28
c29d6555-263a-4288-a675-2b32a0d2f8e2,kenji.design,expired,,,medium,low,5,Porkbun,27/09/2019 16:08,27/09/2026 23:59,07/10/2026 05:06
14493dfa-ed52-4a62-a58d-1fd458c6c49f,dalmatian.tv,expired,,,high,low,9,IONOS SE,06/09/2002 19:00,06/09/2026 19:00,07/10/2026 04:56
150c0737-88d9-4095-a596-1decd1312bab,short.rocks,expired,,,high,medium,5,Domain Science Kutatási Szolgáltató Korlátolt Felelősségű Társaság,20/09/2025 15:15,20/09/2026 15:15,07/10/2026 05:02
7d564ec4-eca6-4571-9d3c-656ef32a78ce,morgan.town,expired,,,high,high,6,"Go Australia Domains, LLC",30/07/2014 16:00,30/07/2026 16:00,07/10/2026 04:40
9060b91b-d918-4872-a375-02a49224f53b,annoyed.uk,expired,,,medium,low,7,Dave Searle,10/09/2020 10:48,10/09/2026 10:48,07/10/2026 04:58
d06728a3-a865-47a6-8775-75ce21a368ca,supreme.run,expired,,,high,low,7,"Sav.com, LLC - 32",30/07/2025 15:16,30/07/2026 15:16,07/10/2026 04:40
118b4b16-77f2-4f89-8afa-60e06ae238ca,spreadsheet.life,expired,,,high,low,11,"Sav.com, LLC - 25",02/08/2025 15:15,02/08/2026 15:15,07/10/2026 04:42
02e167c3-f1ec-4206-9d3e-bed2df1176f1,check.work,expired,,,high,medium,5,united-domains GmbH,25/08/2016 13:10,25/08/2026 13:10,07/10/2026 04:51
17b5e43d-ed46-4b57-b1cc-3b0565dd037f,alert.works,expired,,,high,low,5,"Sav.com, LLC",05/08/2025 11:30,05/08/2026 11:30,07/10/2026 04:44
c09a0232-13aa-44b1-870b-876f2b06acb6,newfoundland.at,expired,,,high,low,12,registrant:        DMG14764785-NICAT,,,01/10/2026 22:17
a1d8c860-312a-4ab4-bb1a-263c774e26f8,thug.cn,expired,,,medium,low,4,阿里巴巴云计算（北京）有限公司,,,27/09/2026 08:15
ae60588e-d96c-4b96-8950-409544d9c8f8,faceless.us,expired,,,high,low,8,IONOS SE,25/08/2009 07:11,24/08/2026 23:59,07/10/2026 04:51
5027ab13-e6d5-45f7-8808-227523ae2017,romans.it,expired,,,high,high,6,,22/08/2025 14:01,22/08/2026 00:00,07/10/2026 04:50
09279730-b01f-47f5-8c99-e55f9bd2b51a,seeds.business,expired,,,high,low,5,"Sav.com, LLC - 3",26/07/2025 15:16,26/07/2026 15:16,07/10/2026 04:37
bc9f80ce-7169-4f01-81c1-9a54bc611e86,join.wiki,expired,,,high,medium,4,"Spaceship, Inc.",23/07/2025 07:29,23/07/2026 07:29,07/10/2026 04:33
2be2ee05-0d3a-4316-9330-7be1219358a0,aimed.uk,expired,,,medium,low,5,Sirius Telecom Ltd,01/10/2020 12:24,01/10/2026 12:24,07/10/2026 05:09
c721defb-95bf-4ee4-8b75-1eb0490016fb,any.agency,expired,,,high,medium,3,Netregistry Wholesale Pty Ltd,11/08/2024 17:00,11/08/2026 17:00,07/10/2026 04:46
fbb6cafc-f628-47a8-967e-e73f39343f25,theft.lol,expired,,,high,low,5,"Spaceship, Inc.",24/07/2025 11:41,24/07/2026 23:59,07/10/2026 04:36
7f28ff49-8f10-4542-a91e-845c521b14c2,mtg.bayern,expired,,,high,low,3,RegistryGate GmbH,30/09/2014 10:01,30/09/2026 10:01,07/10/2026 05:08
c053f979-d52c-442f-b114-25c7af9c9aa4,volunteer.reviews,expired,,,high,low,9,Domain Science Kutatási Szolgáltató Korlátolt Felelősségű Társaság,02/09/2025 15:15,02/09/2026 15:15,07/10/2026 04:54
e115ce5d-7ff4-4516-a5a4-0adaebb00d46,sudden.studio,expired,,,high,low,6,CommuniGal Communication Ltd.,13/09/2025 15:15,13/09/2026 15:15,07/10/2026 04:59
36a2af33-3a9e-4a12-8724-8035be708558,truth.tattoo,expired,,,high,medium,5,Porkbun,10/08/2025 13:03,10/08/2026 13:03,07/10/2026 04:46
9866c7b7-c1c0-4a6f-bc67-311c1ec4ff5d,framework.sarl,expired,,,high,low,9,"Gabia, Inc.",30/08/2021 10:15,30/08/2026 10:15,08/10/2026 02:33
df77f297-0c1b-4afe-bcd3-08f3b2bb032a,influence.works,expired,,,high,low,9,Domain Science Kutatási Szolgáltató Korlátolt Felelősségű Társaság,02/09/2025 15:15,02/09/2026 15:15,07/10/2026 04:54
75d5d127-da3c-4e04-8e69-da94deb0b96b,fascinate.now,expired,,,high,low,9,"NameCheap, Inc.",26/07/2025 00:12,26/07/2027 00:12,05/10/2026 04:47
3a622f7b-c732-4788-b445-6270b2caf70a,foraging.it,expired,,,high,low,8,,25/08/2017 09:00,28/09/2026 00:00,07/10/2026 05:06
0fd3237c-cba6-4110-a66d-ca3a37fb5571,investment.ink,expired,,,high,low,10,"Sav.com, LLC - 6",04/10/2025 00:00,04/10/2026 00:00,07/10/2026 05:12
c6ff6111-5c4c-4052-b5e5-42cadf440f06,unclean.fit,expired,,,medium,low,7,"NameCheap, Inc.",06/09/2025 13:56,06/09/2026 13:56,07/10/2026 04:56
82e71a33-884d-4338-849d-45da492c513a,arbitral.app,expired,,,high,low,8,Squarespace Domains II LLC.,20/08/2022 01:29,20/08/2026 01:29,07/10/2026 04:49
5f91df30-49bf-40f9-915d-48d6da916a32,thirty.cloud,expired,,,high,low,6,"HOSTINGER operations, UAB",24/07/2025 19:05,24/07/2026 19:05,07/10/2026 04:35
41d25a91-48cc-4b08-8237-a7a568ee1838,honor.it,expired,,,high,low,5,,29/09/2018 09:00,29/09/2026 00:00,07/10/2026 05:07
5b5fbfce-97e4-4fbf-9651-2f3dd47e99bd,pedestrian.it,expired,,,high,low,10,,02/10/2019 17:42,02/10/2026 00:00,07/10/2026 05:10
81876d08-3c72-4d5d-9370-6964d8a1864f,subjective.wiki,expired,,,high,low,10,"Spaceship, Inc.",29/09/2025 18:07,29/09/2026 18:07,07/10/2026 05:07
b9806af3-83d6-4151-8983-af8d91bb4b73,beckett.at,expired,,,high,low,7,Hetzner Online GmbH ( https://nic.at/registrar/225 ),,,22/09/2026 22:39
79c3a3b9-14a9-4df0-a715-c545390e7b19,upright.work,expired,,,high,low,7,"Spaceship, Inc.",29/09/2025 19:04,29/09/2026 19:04,07/10/2026 05:07
30723b2d-2539-4e6d-8dce-a510de14839d,billy.menu,expired,,,high,low,5,"eNom, LLC",08/09/2025 07:15,08/09/2026 07:15,07/10/2026 04:57
d9f81d91-6fca-45b1-bcf8-9dc77a0328d3,communication.surf,expired,,,high,low,13,InternetX GmbH,25/09/2014 16:00,25/09/2026 16:00,07/10/2026 11:55
a405665e-82d2-4dd5-a67d-bd8a9aea9db2,arched.casa,expired,,,medium,low,6,"NameCheap, Inc.",24/07/2025 15:44,24/07/2026 15:44,07/10/2026 04:35
16b4c6bb-6db9-4057-bb9b-ac16b296f330,rhianwen.it,expired,,,high,high,8,,,,
c9b1ff53-6aed-4323-8938-32ed0769b216,robotic.surf,expired,,,high,low,7,"Spaceship, Inc.",16/09/2025 19:52,16/09/2026 19:52,07/10/2026 05:00
8ce1c814-64d9-4e86-a661-2790fe2cdfcf,demo.watch,expired,,,high,medium,4,Dynadot Inc,08/08/2025 07:08,08/08/2026 07:08,07/10/2026 04:45
3eabc591-0e13-43dd-9195-a266f61f5482,lit.win,expired,,,high,medium,3,"NameCheap, Inc.",05/09/2025 08:34,05/09/2026 08:34,07/10/2026 04:55
f924a4d2-0c7e-49b7-9f0b-bcad929c14cf,piquing.it,expired,,,low,low,7,,,,
dc6690cb-e031-4281-9ac5-ceb4043a420f,dental.barcelona,expired,,,high,low,6,Nominalia,03/10/2024 15:49,03/10/2026 15:49,07/10/2026 05:11
21ccf5f9-c36b-4357-9482-5175ac8663cc,panda.beauty,expired,,,high,medium,5,"Xiamen ChinaSource Internet Service Co., Ltd",10/08/2025 08:48,10/08/2026 23:59,07/10/2026 04:46
62286bbb-5c83-4c6c-a2cc-8ae3343a84f8,patel.mx,expired,,,high,low,5,Key-Systems GmbH,02/10/2020 00:00,02/10/2026 00:00,07/10/2026 05:10
bccbc5f8-cc93-4e0c-8877-a78b42ec700b,fill.city,expired,,,high,low,4,Domain Science Kutatási Szolgáltató Korlátolt Felelősségű Társaság,30/09/2025 15:15,30/09/2026 15:15,07/10/2026 05:08
26518c7b-2b07-4a56-83a0-db8d384a5211,cube.solutions,expired,,,high,medium,4,"Sav.com, LLC",26/07/2017 17:13,26/07/2026 17:13,07/10/2026 04:37
3bfcb2ad-c188-4754-9f0e-75631988883b,forest.international,expired,,,high,low,6,"Sav.com, LLC - 49",22/07/2025 15:16,22/07/2026 15:16,07/10/2026 04:33
42f1bece-6f36-4f29-81f1-84faf50e281d,darkness.asia,expired,,,high,low,8,"DNSPod, Inc.",22/08/2025 08:00,22/08/2026 08:00,07/10/2026 04:50
3db716d1-9b31-4ea8-a4bb-f2af93d9d709,immensely.gay,expired,,,high,low,9,"NameCheap, Inc.",24/09/2023 01:14,24/09/2026 01:14,07/10/2026 05:04
1e925529-7e9a-4828-b3e0-239a34cb0762,framework.tv,expired,,,high,low,9,Key-Systems GmbH,21/09/2000 11:39,21/09/2026 11:39,08/10/2026 02:33
964844ad-d964-4033-9a25-cf4f5df12164,rear.one,expired,,,high,low,4,"GoDaddy.com, LLC",18/09/2025 17:08,18/09/2026 17:08,07/10/2026 05:01
b3783467-8af2-4873-9c6b-8afa22b47c2c,enhance.it,expired,,,high,low,7,,18/09/2011 03:21,01/10/2026 00:00,07/10/2026 05:09
c201f6fc-6473-499d-8170-fd8db2b60614,thunder.fitness,expired,,,high,low,7,"Spaceship, Inc.",08/08/2025 20:20,08/08/2026 20:20,07/10/2026 04:45
20ddaebe-3291-491f-a92f-8346a53008fb,brands.nyc,expired,,,high,low,6,The City of NY Registrar,03/10/2016 17:09,02/10/2026 23:59,07/10/2026 05:10
0dc7db52-16bc-4d2c-9500-01bc6935fa31,sideburns.xyz,expired,,,high,low,9,"GMO Internet Group, Inc. d/b/a Onamae.com",07/08/2025 02:21,07/08/2026 23:59,07/10/2026 04:45
a290acd4-c7db-4950-bcf2-111fd1e28d62,sat.run,expired,,,high,low,3,Porkbun LLC,06/08/2019 09:46,06/08/2026 09:46,07/10/2026 04:44
36678c90-eb85-49e7-aa9d-431df19142ff,syrup.one,expired,,,high,low,5,"Spaceship, Inc.",02/10/2025 18:40,02/10/2026 18:40,07/10/2026 05:10
b7b9f519-9d84-4ef2-86ec-110ca75067d8,connected.fashion,expired,,,high,medium,9,InternetX GmbH,06/10/2023 07:20,06/10/2026 07:20,07/10/2026 05:13
677796e5-b7de-4b3c-a5f4-e6f5fa04c4c7,island.app,expired,,,high,low,6,"Spaceship, Inc.",28/07/2022 01:23,28/07/2026 01:23,07/10/2026 04:38
9dab062e-de7d-4cef-b244-1da72d9eb0fe,position.finance,expired,,,high,low,8,Porkbun LLC,29/07/2024 17:04,29/07/2026 17:04,07/10/2026 04:40
b0f8be0c-3ebd-45c2-aa75-acc0adfc6641,unstrung.app,expired,,,medium,low,8,"Name.com, Inc.",26/07/2024 20:59,26/07/2026 20:59,07/10/2026 04:37
533a28f2-9889-4a3e-bcaa-7092b873f240,perky.cn,expired,,,high,low,5,阿里云计算有限公司（万网）,,,08/09/2026 17:33
e5732aa1-7d8b-4398-b37f-fbc8dcab4f5b,enchant.tv,expired,,,high,low,7,Key-Systems GmbH,10/09/2015 19:37,10/09/2026 19:37,07/10/2026 04:58
97155752-1cf9-488f-98f5-c87a5ff2b5dc,outpost.buzz,expired,,,high,low,7,"Small World Communications, Inc.",21/09/2016 23:03,20/09/2026 23:59,07/10/2026 05:02
5dcba699-dac0-417b-b1ad-be2a462c1450,perfection.melbourne,expired,,,high,low,10,Dreamscape Networks International Pte Ltd,30/09/2014 04:35,30/09/2026 04:35,07/10/2026 05:08
21870d23-7841-41c4-98b4-acb554f00530,tabby.network,expired,,,high,low,5,"NameCheap, Inc.",29/07/2025 13:46,29/07/2026 13:46,07/10/2026 04:39
19a5bb3f-69bd-4f19-9d98-f34755ad7d52,boiling.uk,expired,,,high,low,7,UK Internet Services Ltd,09/09/2020 07:58,09/09/2026 07:58,07/10/2026 04:58
401ec3c3-943d-4f97-8bf8-08a69c15d310,generation.golf,expired,,,high,low,10,Domain Science Kutatási Szolgáltató Korlátolt Felelősségű Társaság,23/09/2025 15:16,23/09/2026 15:16,07/10/2026 05:04
5a352022-18d1-48e6-a57f-356b0415201b,structure.wiki,expired,,,high,low,9,"NameCheap, Inc.",14/08/2025 13:32,14/08/2026 13:32,07/10/2026 22:58
5971a9ef-8860-4cc5-954a-839cb4dc281a,zillion.wiki,expired,,,high,low,7,"Spaceship, Inc.",03/08/2025 08:27,03/08/2026 08:27,07/10/2026 04:43
cd55dc41-574b-41ad-8cc3-7a58cd50abed,arabica.one,expired,,,high,low,7,"Spaceship, Inc.",02/10/2025 11:46,02/10/2026 11:46,07/10/2026 21:53
bed8bc19-8704-49c8-8d02-38dea088d1e8,outlined.it,expired,,,high,low,8,,23/09/2023 09:00,23/09/2026 00:00,07/10/2026 05:03
b17a8d54-2485-44af-847c-a1f3d5d44929,setting.world,expired,,,high,low,7,"Sav.com, LLC - 23",01/08/2025 15:15,01/08/2026 15:15,07/10/2026 05:49
02fb40ed-3104-4e3b-9310-89b8d1967ec8,jolly.enterprises,expired,,,high,low,5,Domain Science Kutatási Szolgáltató Korlátolt Felelősségű Társaság,06/09/2025 15:16,06/09/2026 15:16,07/10/2026 04:56
2d4347ed-4ff4-4889-a302-3b5f15227d71,movement.fashion,expired,,,high,low,8,Key-Systems LLC,03/10/2024 14:12,03/10/2026 14:12,07/10/2026 05:11
dfc5030a-debb-4432-816f-603954bb8a56,tiptop.wiki,expired,,,high,low,6,"DNSPod, Inc.",03/08/2024 11:33,03/08/2026 11:33,07/10/2026 04:43
e78f722a-d07a-4e43-afea-1ebbe3f65c8b,ernst.vision,expired,,,high,low,5,"Key-Systems, LLC",22/09/2014 02:21,22/09/2026 02:21,07/10/2026 05:03
1d653b32-0a5f-4d36-9836-2078af7ade56,utopian.cv,expired,,,high,low,7,Dynadot,18/09/2025 20:47,18/09/2026 20:47,07/10/2026 05:01
43a9cee7-b428-494b-9248-8e9210073812,sheriff.it,expired,,,high,low,7,,16/09/2011 20:12,30/09/2026 00:00,07/10/2026 05:08
37362084-ed46-4a88-abda-499ecf077314,nomadic.report,expired,,,high,low,7,Domain Science Kutatási Szolgáltató Korlátolt Felelősségű Társaság,04/09/2025 15:15,04/09/2026 15:15,07/10/2026 04:55
71c46721-2355-4214-bd5f-2d831c055c04,set.tube,expired,,,high,low,3,Squarespace Domains II LLC,02/09/2022 19:23,02/09/2026 19:23,07/10/2026 21:48
8433de28-8297-4bf6-b26f-009777e2f85f,highest.uk,expired,,,medium,low,7,Fidel Tech Ltd,03/10/2021 07:40,03/10/2026 07:40,07/10/2026 05:11
df06a550-75e2-40c6-8c69-bddcdc13f22b,manner.uk,expired,,,high,low,6,Fidel Tech Ltd,20/09/2021 20:55,20/09/2026 20:55,07/10/2026 05:02
28511a6f-c48a-43dc-a0ed-944e0793128b,jot.at,expired,,,high,low,3,edomains LLC ( https://nic.at/registrar/728 ),,,30/09/2026 00:55
037b8be5-6b7f-4f16-9edf-9997176745ca,utopian.homes,expired,,,high,low,7,Porkbun LLC,22/07/2020 13:05,22/07/2026 23:59,07/10/2026 04:33
1204027b-d0db-4bfb-b6d9-2553364a39ce,pgs.games,expired,,,medium,low,3,"Name.com, Inc.",19/08/2024 13:58,19/08/2026 13:58,07/10/2026 04:49
ca166ec0-8e65-43c7-94b2-2efa101baf68,plus.reviews,expired,,,high,low,4,"Sav.com, LLC - 8",29/07/2025 15:15,29/07/2026 15:15,07/10/2026 04:39
cdba2b0d-4a32-4377-8c06-6de5870b4977,lunar.at,expired,,,high,medium,5,Hosting concepts B.V. / Registrar.eu ( https://nic.at/registrar/648 ),,,25/09/2026 15:39
afde7bed-e260-4561-9e45-ca20fc9257bb,neither.cc,expired,,,medium,low,7,"Cloudflare, Inc.",22/07/2023 08:16,22/07/2026 08:16,07/10/2026 04:32
22116469-cd7c-4446-8a69-a8270a455925,elementary.one,expired,,,high,low,10,"Spaceship, Inc.",09/08/2023 11:40,09/08/2026 11:40,07/10/2026 04:46
33500d4d-5711-4ede-8201-a6aa341dcafc,meridian.ink,expired,,,high,medium,8,"GoDaddy.com, LLC",17/09/2025 02:59,17/09/2026 02:59,07/10/2026 05:01
13ed4347-477a-4922-ab93-03e7792b88dc,prevention.courses,expired,,,high,low,10,Porkbun,26/08/2025 06:11,26/08/2026 06:11,07/10/2026 04:52
b2a47514-cff5-413a-b100-f55d5bc1416f,access.markets,expired,,,high,medium,6,Dynadot Inc,31/07/2025 17:00,31/07/2026 17:00,07/10/2026 04:41
5a13dd7e-d5c2-4577-9f2c-3a272ae828a4,virgil.it,expired,,,high,low,6,,25/03/2000 00:00,26/09/2026 00:00,07/10/2026 05:05
0d233220-b78e-407d-9cac-bfb87eed7533,digital.surf,expired,,,high,medium,7,"GoDaddy.com, LLC",25/09/2014 20:15,25/09/2026 20:15,07/10/2026 05:05
ee3749a5-5e38-4a4f-bf2a-6a0c71594a97,inflexibly.net,expired,,,medium,low,10,Dynadot Inc,22/07/2025 04:51,22/07/2026 04:51,07/10/2026 04:32
f76ad77f-8b09-4753-a753-e1cabe59ee17,mushy.ink,expired,,,medium,low,5,Porkbun,29/07/2025 16:37,29/07/2026 16:37,07/10/2026 04:39
d33924f5-9e7b-4c6c-87d0-5b1d2afbf2c0,lithuania.so,expired,,,high,high,9,,,,
e550ecec-1384-41e4-90f4-23f75769e7a3,guess.de,expired,,,high,high,5,,,,06/10/2026 21:57
bd85a14d-a235-4edf-ade6-ba82e0974ad8,without.it,expired,,,high,low,7,,26/08/2016 16:00,22/09/2026 00:00,07/10/2026 05:03
4aa02b0b-3af8-414b-8772-fd25eb5b43c3,awhile.uk,expired,,,medium,low,6,Adelere Aodu t/a Domain Name Centre,17/09/2025 01:01,17/09/2026 01:01,07/10/2026 05:00
6f58f953-7bd1-4fc9-8dee-174a8aa50fb9,awkward.casa,expired,,,high,low,7,"NameCheap, Inc.",09/09/2025 14:15,09/09/2026 14:15,07/10/2026 04:58
68f82745-0b2f-49d8-ba84-dfd5b5997d66,benign.design,expired,,,medium,low,6,Tucows Domains Inc.,08/08/2023 23:44,08/08/2026 23:44,07/10/2026 08:48
9008439c-28a5-4379-b387-d8d8363c3d83,nature.energy,expired,,,high,low,6,"Global Domains International, Inc. DBA DomainCostClub.com",04/08/2025 15:15,04/08/2026 15:15,07/10/2026 04:43
33d2cdbe-e63f-4596-9dad-0bc324841209,cinq.it,expired,,,high,low,4,,29/08/2015 09:00,28/09/2026 00:00,07/10/2026 05:06
82fe74f5-3be5-4c11-a165-ced9b696c6a2,awning.so,expired,,,high,low,6,,,,
e8079f58-bbca-4d2b-8e31-73184260662a,wave.garden,expired,,,high,medium,4,"Spaceship, Inc.",22/09/2025 20:26,22/09/2026 20:26,07/10/2026 05:03
6f5fc36e-f5a7-4eda-94b1-3b2fda08362d,pragmatic.casa,expired,,,high,low,9,"NameCheap, Inc.",25/08/2025 19:09,25/08/2026 19:09,07/10/2026 04:51
3af4309c-89d1-4b01-9cdd-2bcb945c51c0,waking.land,expired,,,high,low,6,"NameCheap, Inc.",30/07/2023 06:36,30/07/2026 06:36,07/10/2026 04:40
fc2e392c-9be4-40d5-814d-d298bca858ba,aries.us,expired,,,high,low,5,"Spaceship, Inc.",24/09/2019 00:03,24/09/2026 00:03,07/10/2026 05:04
7bccdbbf-6e96-47c4-9094-1bc437af32bd,naples.at,expired,,,high,low,6,IONOS SE ( https://nic.at/registrar/22 ),,,29/09/2026 07:39
03c72211-c25a-4d3c-b90a-617555f6505e,chatbot.gay,expired,,,high,medium,7,"Spaceship, Inc.",15/09/2025 18:39,15/09/2026 18:39,07/10/2026 05:00
695ea65d-ff77-4410-aa14-e407ae91256f,local.press,expired,,,high,medium,5,Namify Domains Inc,02/04/2019 14:00,02/04/2029 23:59,06/10/2026 02:31
d50c28e9-665e-4b2d-9438-6aef5a2297ad,hallux.net,expired,,,medium,low,6,InterNetX GmbH,06/10/2008 05:32,06/10/2026 05:32,07/10/2026 05:13
50eaf6bb-c96b-48a9-bb0d-7f52cf12e8ae,troll.cfd,expired,,,high,low,5,"Global Domains International, Inc. DBA DomainCostClub.com",04/08/2024 11:00,04/08/2026 23:59,07/10/2026 04:44
7b24308b-11bc-477d-b2bc-8f3698d0745a,men.uk,expired,,,high,low,3,Sitefinders Net Limited,06/10/2014 10:01,06/10/2026 10:01,07/10/2026 05:13
cb13acdc-6b1e-407d-884a-07a8b9aedc45,bridges.site,expired,,,high,low,7,"GoDaddy.com, LLC",17/08/2025 18:54,17/08/2026 23:59,07/10/2026 04:48
eac9d311-1ceb-43ea-93a1-1332fa2d377a,tan.lgbt,expired,,,high,low,3,Domain Science Kutatási Szolgáltató Korlátolt Felelősségű Társaság,18/09/2025 15:16,18/09/2026 15:16,07/10/2026 05:01
08d444f9-1822-4fa0-9a2e-1c7102ed2c28,crew.fm,expired,,,high,high,4,EPAG Domainservices GmbH,13/08/2025 01:16,13/08/2026 23:59,07/10/2026 04:47
e911c5e9-eb64-4e17-8dd6-3f0cedd39531,sectional.uk,expired,,,medium,low,9,UK Internet Services Ltd,25/09/2021 17:23,25/09/2026 17:23,07/10/2026 05:05
1c8026e7-577f-4eea-a234-456f211135cb,mono.reviews,expired,,,high,medium,4,Domain Science Kutatási Szolgáltató Korlátolt Felelősségű Társaság,06/09/2024 17:00,06/09/2026 17:00,07/10/2026 04:56
bfd69003-28f4-4c2b-8d1d-e6c1e88fab7d,cyclic.run,expired,,,high,low,6,Domain Science Kutatási Szolgáltató Korlátolt Felelősségű Társaság,07/09/2025 15:15,07/09/2026 15:15,07/10/2026 04:56
5184ddd1-4483-4518-a81f-75f430b69bc3,aniseed.uk,expired,,,medium,low,7,Matthew Davis t/a CATCHMATT,16/09/2020 22:52,16/09/2026 22:52,07/10/2026 05:00
924acc5e-21b8-4277-9f94-09c0fa826870,sip.agency,expired,,,high,low,3,"Sav.com, LLC - 16",22/07/2025 15:16,22/07/2026 15:16,07/10/2026 04:32
d3b70c5a-4757-4caf-8efb-15209e6c8f34,barmy.sbs,expired,,,medium,low,5,Dynadot Inc,10/08/2025 07:57,10/08/2026 23:59,07/10/2026 04:46
97e1a0a3-2fa7-43a6-b866-b7d114f17adc,embedded.ink,expired,,,high,low,8,"GoDaddy.com, LLC",08/08/2016 01:31,08/08/2026 23:59,07/10/2026 04:46
6fbb8dbb-777e-4329-9c87-7245747b364f,andrew.film,expired,,,high,medium,6,Key-Systems LLC,23/09/2016 11:45,23/09/2026 11:45,07/10/2026 05:04
a09bc4de-9e61-489b-a73c-dea1a4f32f74,streamer.social,expired,,,high,low,8,Dynadot Inc,10/08/2017 09:52,10/08/2026 09:52,07/10/2026 04:46
5e6ae553-92a1-4eb5-b1f9-899d6c8e92f1,ephemeral.fit,expired,,,high,low,9,"NameCheap, Inc.",04/08/2025 05:07,04/08/2026 05:07,07/10/2026 04:43
6ad46c0d-1f4d-4eec-b666-4f804e3feb63,ewe.one,expired,,,high,low,3,One.com A/S,06/10/2015 10:04,06/10/2026 10:04,07/10/2026 05:13
1a475b79-f03d-4426-b5ed-50078fe30d79,devine.casa,expired,,,medium,low,6,"NameCheap, Inc.",04/10/2025 06:28,04/10/2026 06:28,07/10/2026 05:12
8df9c29a-305d-46af-9d4f-514b48dc6973,contributes.work,expired,,,medium,low,11,"GMO Internet, Inc. d/b/a Onamae.com",08/09/2024 10:07,08/09/2026 10:07,07/10/2026 04:57
ffd943d9-ad46-41a1-b20e-e1dad3de9543,photovoltaics.uk,expired,,,medium,low,13,Brett Donovan,05/09/2017 16:31,05/09/2026 16:31,07/10/2026 04:55
3ec2c703-bf35-4123-b360-1516e341b719,chicken.ink,expired,,,high,low,7,"GoDaddy.com, LLC",08/09/2025 03:01,08/09/2026 03:01,07/10/2026 04:57
42a379e4-b7aa-461b-9661-7eea7f1fb8e1,static.design,expired,,,high,low,6,Dynadot Inc,22/08/2025 19:21,22/08/2026 19:21,07/10/2026 04:51
9df6a420-0648-4efa-a608-99a3458a38b2,textual.so,expired,,,high,low,7,,,,
a7c52e72-cf79-45cd-94a6-00c6d9ec62a4,common.nyc,expired,,,high,low,6,"GoDaddy.com, LLC",03/10/2014 15:32,02/10/2026 23:59,07/10/2026 05:10
7fdbef1f-3534-49c6-8935-e9ea7d41e5ed,toddler.cloud,expired,,,high,low,7,GoDaddy,01/08/2025 00:14,01/08/2026 00:14,07/10/2026 04:41
add67f03-4c37-4d84-badd-805cfd46abb4,asset.trade,expired,,,high,low,5,united-domains GmbH,03/09/2016 16:00,02/09/2026 23:59,07/10/2026 04:54
90d97155-78ce-4fe6-97db-ab6fee386e64,perpetual.insure,expired,,,high,low,9,Squarespace Domains II LLC,09/08/2024 16:14,09/08/2026 16:14,07/10/2026 04:46
69b71c69-26c9-4187-8e05-d459f672c8cd,sell.enterprises,expired,,,high,medium,4,"Sav.com, LLC - 38",02/08/2025 15:15,02/08/2026 15:15,07/10/2026 04:42
8d751b5e-e052-44a4-9c36-c05c8e08e1d1,custom.film,expired,,,high,low,6,"NameCheap, Inc.",13/08/2025 07:28,13/08/2026 07:28,07/10/2026 04:47
329bd59d-6a78-4f53-a9d9-8530f7076c1c,suspension.us,expired,,,high,low,10,"Spaceship, Inc.",23/08/2018 18:41,23/08/2026 18:41,07/10/2026 04:51
535dab82-1d64-47cb-b496-b4f1237ec982,mineral.fit,expired,,,high,low,7,"NameCheap, Inc.",29/08/2025 11:52,29/08/2026 11:52,07/10/2026 04:53
38b66923-11c8-4604-b2af-09c0e7e9bff6,fit.schule,expired,,,high,medium,3,Porkbun LLC,04/08/2025 23:29,04/08/2026 23:29,07/10/2026 04:43
887da173-b27d-4ef7-892f-486013aad56a,mist.design,expired,,,high,low,4,Dynadot Inc,24/07/2025 08:52,24/07/2026 08:52,07/10/2026 04:35
9ee7879b-7d35-48bc-94de-344470e0e504,superstar.management,expired,,,high,low,9,Domain Science Kutatási Szolgáltató Korlátolt Felelősségű Társaság,03/09/2025 15:15,03/09/2026 15:15,07/10/2026 04:54
0d55f352-1574-4518-b828-957d83b4d2a1,form.guru,expired,,,high,medium,4,"Sav.com, LLC - 3",27/07/2025 15:15,27/07/2026 15:15,07/10/2026 04:38
84bd7344-08eb-4f27-bead-881412fdb3c6,armpit.it,expired,,,medium,low,6,,29/04/2014 23:42,05/10/2026 00:00,07/10/2026 05:12
d8ec1318-39a1-4864-9883-2d14b822bf8a,intercourse.it,expired,,,high,low,11,,10/09/2012 10:24,24/09/2026 00:00,07/10/2026 05:04
4a9275d7-9889-44d3-8a02-d52f6107d964,dresses.casa,expired,,,medium,low,7,"NameCheap, Inc.",02/10/2025 14:04,02/10/2026 14:04,07/10/2026 05:10
9aea03ac-6713-4194-bfe6-b0f9e939d66a,meister.casa,expired,,,high,low,7,Key-Systems LLC,30/08/2022 10:55,30/08/2026 10:55,07/10/2026 04:53
c33eaf6f-3b54-49a6-a892-696a5c549aab,nordic.uk,expired,,,high,low,6,webber.ltd t/a DOMAINS FOR SALE,24/09/2023 12:58,24/09/2026 12:58,07/10/2026 05:04
1c9aa420-94a7-471c-88f1-883f2670841c,prodemocracy.so,expired,,,high,high,12,,,,
fe054504-6bc7-4c7b-83e8-e3cedab2ece1,micro.lat,expired,,,high,medium,5,Dynadot Inc,29/07/2025 05:05,29/07/2026 23:59,07/10/2026 04:40
a7a28a9d-7a3f-4acd-8ed0-7a2fd23f3b40,choosey.beer,expired,,,medium,low,7,"NameCheap, Inc.",06/09/2025 08:40,06/09/2026 08:40,07/10/2026 04:56
0a62d854-e64e-4f25-9a59-2eda6e7052f9,albanian.tv,expired,,,high,low,8,"Sea Wasp, LLC",27/09/2012 22:33,27/09/2026 22:33,07/10/2026 05:06
5f86e724-7c1e-490a-909f-f4a3bde5f364,motivation.sucks,expired,,,high,low,10,"GoDaddy.com, LLC",28/09/2025 23:40,28/09/2026 23:40,07/10/2026 05:07
dd4f4ba9-6ea9-4733-ab18-c9ca37235014,entire.beer,expired,,,high,low,6,"NameCheap, Inc.",05/09/2025 08:27,05/09/2026 08:27,07/10/2026 04:55
86ac3da4-fa4f-497b-b49c-00fcbe72b006,twelve.beer,expired,,,high,low,6,"NameCheap, Inc.",18/09/2025 01:34,18/09/2026 01:34,07/10/2026 05:01
86b0aad7-b5fe-45f9-9328-6ec1e302b733,impotent.uk,expired,,,medium,low,8,Steve Morley t/a Steven UK,20/09/2015 17:18,20/09/2026 17:18,07/10/2026 05:02
65201323-fe0b-487f-bec8-482a6c8e8068,fully.ink,expired,,,high,low,5,"DNSPod, Inc.",20/08/2025 11:45,20/08/2026 11:45,07/10/2026 04:50
7bbd2f74-71e4-4a84-b049-e9f53a3bf512,unreported.in,expired,,,medium,low,10,NAMECHEAP,23/07/2021 19:06,23/07/2026 19:06,07/10/2026 04:34
4fd4269a-eccb-4b58-aabc-38f7b2c11624,aurora.stream,expired,,,high,medium,6,"Cloudflare, Inc.",22/09/2023 08:30,22/09/2026 08:30,07/10/2026 05:03
6ff478ca-8f0c-44e6-a67e-e7254e10f4ce,confident.buzz,expired,,,high,low,9,Porkbun,11/09/2025 17:24,11/09/2026 17:24,07/10/2026 04:58
7e53447e-0bc0-4c3a-a2f8-606aabfae707,neaten.xyz,expired,,,high,low,6,"GMO Internet Group, Inc. d/b/a Onamae.com",28/07/2025 01:32,28/07/2026 23:59,07/10/2026 04:39
65c27dd6-9c27-4c3f-be08-fea88baa969e,lead.boutique,expired,,,high,medium,4,Dynadot Inc,30/07/2025 17:00,30/07/2026 17:00,07/10/2026 04:40
14deb4da-7112-4531-9984-edc4c7336adc,gist.us,expired,,,high,low,4,"Spaceship, Inc.",24/09/2023 00:00,24/09/2026 00:00,07/10/2026 05:04
15d5fc14-ada1-4232-92b2-5a48b2226c63,challenging.it,expired,,,high,low,11,,12/08/2011 18:44,22/09/2026 00:00,07/10/2026 05:03
e779ac4c-46e1-413d-bef0-b1dbcf8763ef,surviving.uk,expired,,,high,low,9,Mr C Davies t/a parth.cymru,27/08/2023 11:52,27/08/2026 11:52,07/10/2026 04:52
7af802cf-aef2-4e7e-8b86-c308367f6442,metric.tv,expired,,,high,low,6,Dynadot Inc,20/09/2011 16:54,20/09/2026 16:54,07/10/2026 05:02
99386321-01b8-4a2c-8c36-6b08499ef105,herald.it,expired,,,high,low,6,,03/09/2012 22:34,03/10/2026 00:00,07/10/2026 05:10
7097dcdc-7ddd-4cd1-bd50-b61872dc8ddc,mantel.uk,expired,,,high,low,6,Key-Systems GmbH,06/10/2014 18:29,06/10/2026 18:29,07/10/2026 06:24
4bdc9aa3-53f2-40ad-9763-c6dd1953424f,machen.tv,expired,,,high,low,6,InternetX GmbH,28/08/2007 16:13,28/08/2026 16:13,07/10/2026 04:52
35c5e28e-2572-413c-8cd2-f55141fa1d62,sms.bayern,expired,,,high,medium,3,"PSI-USA, Inc. dba Domain Robot",30/09/2014 20:46,30/09/2026 20:46,07/10/2026 05:09
2b89d914-127b-4380-a9a5-790d4abe0a8a,central.wtf,expired,,,high,low,7,"Sav.com, LLC - 4",05/08/2025 15:15,05/08/2026 15:15,07/10/2026 04:44
268f7ab6-1be1-468d-95e4-dc2d700bff00,luck.consulting,expired,,,high,low,4,"Spaceship, Inc.",03/08/2025 17:32,03/08/2026 17:32,07/10/2026 04:43
35ad94ff-8fde-4d8c-8525-38476ae50da8,troika.us,expired,,,high,low,6,"Corehub, S.R.L.",28/08/2007 20:17,27/08/2026 23:59,07/10/2026 04:52
f4eec1c8-4eaf-4106-ae44-0ea4c5ccdfb4,refit.it,expired,,,high,high,5,,02/02/2009 09:42,05/10/2026 00:00,07/10/2026 05:12
f4653b75-8494-4a89-a738-818ffe5088eb,continualness.so,expired,,,medium,low,13,,,,
51ae8c1f-c9ce-4e0f-9b63-640c9a16c8f2,heavy.buzz,expired,,,high,low,5,"GoDaddy.com, LLC",22/09/2020 20:06,22/09/2026 20:06,07/10/2026 05:03
38256041-2094-4c7d-a7e2-d8cc98bb8465,capable.casa,expired,,,high,low,7,"NameCheap, Inc.",26/09/2025 07:39,26/09/2026 07:39,07/10/2026 05:05
1a77e69a-cd30-4e67-b2a2-e7710fd15560,stellar.guide,expired,,,high,medium,7,"Sav.com, LLC",02/08/2025 17:08,02/08/2026 17:08,07/10/2026 04:42
f2c32348-1ec7-4e5b-b798-1802f8e326e1,concrete.tube,expired,,,high,low,8,Porkbun,16/09/2025 21:10,16/09/2026 21:10,07/10/2026 05:00
8802b9ff-ed93-4c99-b22d-7760b304bd67,diamond.church,expired,,,high,low,7,Domain Science Kutatási Szolgáltató Korlátolt Felelősségű Társaság,17/09/2024 17:00,17/09/2026 17:00,07/10/2026 05:01
aa7f5569-64ef-453b-afa2-0f9a246e20ff,alteration.uk,expired,,,high,low,10,UK Internet Services Ltd,04/10/2024 20:15,04/10/2026 20:15,07/10/2026 05:12
982007ab-69bb-47da-9718-3dc6d4d2d799,rat.ac,expired,,,high,low,3,"NameCheap, Inc.",18/08/2024 00:21,18/08/2026 00:21,07/10/2026 04:48
95c0699f-5c34-48c1-b0ad-042ea72990f6,adam.bayern,expired,,,high,high,4,RegistryGate GmbH,05/09/2019 13:09,05/09/2026 13:09,07/10/2026 04:55
2d3eecee-cf39-4f19-9a0d-2ecf84fcde70,alerted.casa,expired,,,high,low,7,"NameCheap, Inc.",04/10/2025 06:45,04/10/2026 06:45,07/10/2026 05:12
8a8c3485-6dd7-4742-abc0-0d72a6f63695,eckart.porn,expired,,,medium,low,6,InternetX GmbH,23/09/2015 11:31,23/09/2026 11:31,07/10/2026 16:16
dd5a8aab-e0c1-44ae-9150-8d07de49c738,doubt.life,expired,,,high,low,5,"Sav.com, LLC - 21",29/07/2025 15:15,29/07/2026 15:15,07/10/2026 04:39
d3e2d561-4a2b-47eb-9531-a3a54c1df09c,zoom.download,expired,,,high,medium,4,"GoDaddy.com, LLC",10/09/2020 10:22,10/09/2026 10:22,07/10/2026 04:58
8a74c7b4-55eb-4c61-ac6e-29639ee720cb,plastic.clinic,expired,,,high,low,7,"Sav.com, LLC",20/07/2025 20:57,20/07/2026 20:57,07/10/2026 04:31
90940040-6214-4ab1-9251-b9846e85f3a6,peacenik.so,expired,,,high,high,8,,,,
e8b6667e-81ac-418e-831b-fe902db046b4,frost.work,expired,,,high,low,5,Key-Systems LLC,05/09/2024 06:26,05/09/2026 06:26,07/10/2026 04:55
8c0e1fd3-31a1-43e1-a601-87616ccc2e4a,counsellor.uk,expired,,,high,low,10,UK Internet Services Ltd,02/10/2021 08:37,02/10/2026 08:37,07/10/2026 05:10
7e333943-a570-4b7e-a570-ecf474906435,endowment.so,expired,,,high,low,9,,,,
066fc317-1ae7-4faf-b0ab-0ee812533d64,orchards.so,expired,,,high,medium,8,,,,
3fb9f4d0-2101-4abc-9c19-f0058f2ac4ef,invisible.trade,expired,,,high,low,9,Porkbun,15/09/2024 06:16,15/09/2026 06:16,07/10/2026 05:00
f278a019-e237-4a7f-970e-acefe088c880,anthracite.it,expired,,,medium,low,10,,17/08/2015 09:00,29/09/2026 00:00,07/10/2026 05:07
25517475-6b97-48fc-ad1f-25f70f89af97,nail.ninja,expired,,,high,low,4,Domain Science Kutatási Szolgáltató Korlátolt Felelősségű Társaság,26/09/2025 15:16,26/09/2026 15:16,07/10/2026 05:05
bee4ad97-6670-4175-9163-88901fa70112,developer.pics,expired,,,high,low,9,"Spaceship, Inc.",30/07/2025 15:52,30/07/2026 23:59,07/10/2026 04:41
9b76f6ce-c73d-49f6-ad7f-1bd0a43cf3ed,motored.uk,expired,,,medium,low,7,ANY-Web Limited,22/09/2023 13:58,22/09/2026 13:58,07/10/2026 05:03
1ea6443a-2442-4624-a5fc-e3db7dde96d7,playbook.vip,expired,,,high,low,8,Key-Systems LLC,29/08/2017 17:48,29/08/2026 17:48,07/10/2026 04:53
dd105e14-a2ca-4882-a3c2-a0fe6f4ab1b4,goody.digital,expired,,,high,low,5,IONOS SE,29/08/2024 17:00,29/08/2026 17:00,07/10/2026 04:53
c49e9bf7-eb0a-4804-98e2-72027869b1e3,low.now,expired,,,high,low,3,Dynadot Inc,30/07/2025 18:37,30/07/2027 18:37,05/10/2026 04:52
5511cc8b-4c4a-40fc-a3ee-faa2f6e97684,promptly.buzz,expired,,,high,low,8,"Spaceship, Inc.",23/09/2025 12:14,23/09/2026 12:14,07/10/2026 05:04
1a89169a-d44c-4d1f-8f14-5b600114ee94,becalm.beer,expired,,,medium,low,6,"NameCheap, Inc.",15/09/2025 10:54,15/09/2026 10:54,07/10/2026 05:00
3e62bf7d-7dd6-4ca9-aa11-c3a7050759d8,absurdity.it,expired,,,high,low,9,,24/09/2020 16:30,24/09/2026 00:00,07/10/2026 05:04
2efba39a-0c63-450e-ab16-4e206e084f01,coupon.computer,expired,,,high,low,6,"Sav.com, LLC",21/07/2023 01:57,21/07/2026 01:57,07/10/2026 04:31
58d277bc-e0f4-48f2-ab8c-d318d39cf149,book.builders,expired,,,high,medium,4,"Sav.com, LLC",20/07/2025 17:12,20/07/2026 17:12,07/10/2026 04:31
49f340bd-06f8-41c5-8df0-e3bb00d7520d,rustless.it,expired,,,medium,low,8,,28/09/2025 16:12,28/09/2026 00:00,07/10/2026 05:06
7c235c58-7e89-4b5b-a469-a57131952e97,braves.it,expired,,,high,medium,6,,31/08/2010 23:06,30/09/2026 00:00,07/10/2026 05:08
0440540f-dffc-450d-ab80-f6fbbf5c32c0,maxim.uk,expired,,,high,low,5,Jonathan Gregory t/a isurveyor.com,06/10/2023 13:00,06/10/2026 13:00,07/10/2026 05:13
410a0d24-7939-4bb5-bd2d-e6dd080be33e,evil.uk,expired,,,high,medium,4,5 Digital Ltd,05/10/2024 13:00,05/10/2026 13:00,07/10/2026 05:12
8280c538-ff56-4575-b4fb-790653f3f28a,artificial.social,expired,,,high,low,10,"Sav.com, LLC - 49",20/07/2025 15:15,20/07/2026 15:15,07/10/2026 04:31
981966d2-5078-424d-b138-5605e65db337,woodwork.cv,expired,,,high,low,8,Dynadot,26/09/2025 17:12,26/09/2026 17:12,07/10/2026 05:05
bb7e2568-cfa3-4f0e-9e86-723ab0392860,vending.one,expired,,,high,low,7,"Spaceship, Inc.",30/09/2025 00:06,30/09/2026 00:06,07/10/2026 05:08
01fa4be0-eb8f-457b-b729-ad4cd531cf3c,travelling.cloud,expired,,,high,low,10,Porkbun LLC,01/08/2025 19:19,01/08/2026 19:19,07/10/2026 04:42
0d8d0f9c-697f-4279-830e-0230b23bb817,alarms.trade,expired,,,medium,low,6,"NameSilo, LLC",30/09/2025 05:58,30/09/2026 05:58,07/10/2026 05:08
2bcce915-e44c-4527-a286-945f83ead1fa,figure.love,expired,,,high,low,6,"GMO Internet, Inc. d/b/a Onamae.com",14/08/2025 04:06,14/08/2026 04:06,07/10/2026 04:47
3468086d-66cf-4a27-986a-01fb9fa32c9d,grave.tv,expired,,,high,low,5,Dynadot Inc,17/09/2010 08:55,17/09/2026 08:55,07/10/2026 05:01
dba9e57d-fc8f-4221-8329-13d516c2bb5d,sing.money,expired,,,high,low,4,Dynadot Inc,04/08/2025 17:00,04/08/2026 17:00,07/10/2026 04:43
107ed03c-e5e5-4293-94d2-f59a8a21041a,drunk.biz,expired,,,high,low,5,"Network Solutions, LLC",02/08/2024 17:28,02/08/2026 17:28,07/10/2026 04:42
4c6c0e09-85b9-4bc7-be4f-243021bbf16a,stellar.loan,expired,,,high,medium,7,"NameCheap, Inc.",09/09/2019 19:17,09/09/2026 19:17,07/10/2026 04:58
86565e24-50d6-4517-a540-cb2029d6e792,attenborough.at,expired,,,high,low,12,DomainProfi GmbH ( https://nic.at/registrar/702 ),,,05/10/2026 19:11
79c85c58-5b97-4bbb-8682-29fa8db7ef24,hallmark.gay,expired,,,high,medium,8,Nom-iq Ltd. dba COM LAUDE,16/09/2020 15:00,16/09/2026 23:59,07/10/2026 05:00
ab69f377-2d1e-4048-8434-c9531030a1f0,additional.click,expired,,,high,low,10,"Dynadot, LLC",22/08/2025 21:03,22/08/2026 21:03,07/10/2026 04:50
3f32ef9d-8645-4d7e-a7d2-3db4e9251487,touch.plumbing,expired,,,high,low,5,Domain Science Kutatási Szolgáltató Korlátolt Felelősségű Társaság,22/09/2025 08:13,22/09/2026 08:13,07/10/2026 05:03
77fe0810-32c2-4e5e-9797-4c01ae6136a4,sunshine.nyc,expired,,,high,low,8,"GoDaddy.com, LLC",03/10/2014 16:40,02/10/2026 23:59,07/10/2026 05:10
4513d2d7-46d6-4fea-aa7e-81c731ccf28f,reproduction.uk,expired,,,medium,low,12,Ivan Vuchev t/a VUDOMAINS,15/09/2025 06:33,15/09/2026 06:33,07/10/2026 05:00
b6bcae40-fc54-4fcf-bc84-b5b241c12663,urban.uk,expired,,,high,low,5,Kwiboo Limited,30/09/2014 20:55,30/09/2026 20:55,07/10/2026 05:09
82fe935b-3786-4f39-8f15-8ea7f96f24c0,winding.win,expired,,,medium,low,7,Dominet (HK) Limited,08/09/2016 13:27,07/09/2026 23:59,07/10/2026 04:56
17bf54ed-f25c-4110-8cef-221966f55c17,camouflage.cfd,expired,,,high,low,10,"Global Domains International, Inc. DBA DomainCostClub.com",04/08/2024 11:00,04/08/2026 23:59,07/10/2026 04:44
9b9d09a1-9f69-4ec3-8918-7fa916887103,sheva.one,expired,,,medium,low,5,One.com A/S,03/10/2025 07:10,03/10/2026 07:10,07/10/2026 05:11
1e6503cb-2c1a-4f41-a32b-7f0b5c9303fc,leaving.uk,expired,,,high,low,7,Backorder Ltd,03/10/2021 10:04,03/10/2026 10:04,07/10/2026 05:11
e86d8863-499a-460c-896f-ba6406fb9ee3,antonym.design,expired,,,medium,low,7,Dreamscape Networks International Pte Ltd,18/09/2017 04:25,18/09/2026 23:59,07/10/2026 05:01
0292a6fb-87e1-4448-ad6a-0387d5c9592f,open.fit,expired,,,high,medium,4,"GoDaddy.com, LLC",02/09/2017 11:49,02/09/2026 11:49,07/10/2026 04:54
276329f0-982c-4c77-81ce-601c89a9ee5c,work.earth,expired,,,high,medium,4,Sav.com LLC,28/08/2025 19:38,28/08/2026 19:38,07/10/2026 04:53
7a6a23dc-a9ca-4489-9f84-67da03be501f,cinema.nyc,expired,,,high,low,6,The City of NY Registrar,03/10/2016 17:09,02/10/2026 23:59,07/10/2026 05:10
dbf1069f-2744-4b4a-ba61-340ef41d01e5,regular.club,expired,,,high,low,7,Dynadot Inc,17/09/2014 07:16,16/09/2026 23:59,07/10/2026 05:00
f6e68a4f-4b5b-4789-a47a-8c0c4da7a67b,zillion.reviews,expired,,,high,low,7,"Sav.com, LLC",27/07/2025 07:48,27/07/2026 07:48,07/10/2026 04:38
bed9fcdd-bc2c-400b-a454-b46a1ccc0e1c,kirkhaugh.it,expired,,,high,high,9,,,,
e0fc48c7-df0c-49ef-a17f-eb36f8212ef8,underhand.xyz,expired,,,high,medium,9,"GMO Internet Group, Inc. d/b/a Onamae.com",22/07/2025 09:51,22/07/2026 23:59,07/10/2026 04:33
26725a3e-acc8-45c9-8fba-6631c1e9ef60,focus.photography,expired,,,high,medium,5,"Sav.com, LLC - 17",20/07/2025 15:15,20/07/2026 15:15,07/10/2026 04:31
43fcb44d-cf17-4005-967f-8d28c82f7fba,god.army,expired,,,high,medium,3,"GoDaddy.com, LLC",09/08/2020 05:36,09/08/2026 05:36,07/10/2026 04:46
8495c55a-2449-4653-b406-89d22567f8eb,sideways.ca,expired,,,high,low,8,8648255 CANADA LTD. O/A Dynadot LLC,10/08/2011 19:24,10/08/2026 19:24,07/10/2026 04:46
6f130ac1-eae2-4fb0-8d3e-c7fe9edded95,luminous.club,expired,,,high,low,8,Unstoppable Domains Inc.,22/09/2022 00:00,22/09/2026 00:00,07/10/2026 05:03
234cbc76-2014-41a4-98fe-b36e6f948aae,ironic.space,expired,,,high,low,6,"HOSTINGER operations, UAB",06/08/2025 06:10,06/08/2026 23:59,07/10/2026 04:45
75587813-e10c-4829-9a31-c541578e37da,adamantine.ca,expired,,,medium,low,10,Tucows.com Co.,25/07/2024 14:53,25/07/2026 14:53,07/10/2026 04:36
624c1470-902b-4988-8b81-067278c91605,ash.ventures,expired,,,high,low,3,Domain Science Kutatási Szolgáltató Korlátolt Felelősségű Társaság,24/09/2025 15:16,24/09/2026 15:16,07/10/2026 05:04
061979f6-ef98-4447-8429-5b05d07b745d,nation.wiki,expired,,,high,low,6,"Sav.com, LLC - 6",16/08/2025 00:00,16/08/2027 00:00,05/10/2026 05:06
75bf3a3c-85b7-4eb2-9530-4d5b88c38e75,policies.de,expired,,,medium,low,8,,,,04/09/2026 07:55
afa6e636-c02d-4ec3-b2ed-b34413cbf3e5,walls.nyc,expired,,,high,low,5,Hello Internet Corp.,02/09/2018 00:09,02/09/2026 00:09,07/10/2026 04:54
fa035fd8-f0c7-49d0-98e6-29b9edeca6ba,unique.win,expired,,,high,medium,6,united-domains GmbH,12/09/2022 11:17,12/09/2026 11:17,07/10/2026 04:59
73b3aa6e-e6b4-4e7d-8c69-bcbd6e450ca6,memorandum.biz,expired,,,high,low,10,"GoDaddy.com, LLC",04/10/2004 00:15,03/10/2026 23:59,07/10/2026 05:11
ccb4882b-62f7-48e1-8c47-d4cdf64eed5a,verified.health,expired,,,high,medium,8,"GoDaddy.com, LLC",27/09/2024 00:17,27/09/2026 00:17,07/10/2026 05:06
eb686e37-1027-44a6-b043-8c2ce37f4a8a,facts.rodeo,expired,,,high,low,5,"eNom, LLC",23/09/2025 10:37,23/09/2026 10:37,07/10/2026 05:04
3be3955e-2910-414c-b76d-9bf4df104243,discern.it,expired,,,high,low,7,,29/08/2014 09:00,26/09/2026 00:00,07/10/2026 05:05
45da319a-d068-4794-b7e4-b37d3e6ce0a7,politic.uk,expired,,,high,low,7,webber.ltd t/a DOMAINS FOR SALE,05/09/2020 06:33,05/09/2026 06:33,07/10/2026 04:55
dc10d68c-b455-42b6-832f-f45d2bc12a3e,triplex.cv,expired,,,medium,low,7,Dynadot,28/09/2025 12:42,28/09/2026 12:42,07/10/2026 05:07
cedd41cb-d9f6-430d-b818-71f0793dca19,parky.club,expired,,,medium,low,5,"NameCheap, Inc.",23/07/2025 13:55,23/07/2026 13:55,07/10/2026 04:34
f937ca95-67d3-4a57-8f91-82b0f1b30606,celsius.work,expired,,,high,low,7,"Spaceship, Inc.",20/09/2025 09:35,20/09/2026 09:35,07/10/2026 05:02
fa7fb58c-e360-40d5-bcac-55ff121794e1,orchestrator.it,expired,,,high,low,12,,27/09/2023 15:17,27/09/2026 00:00,07/10/2026 10:32
19cb7458-5737-4ae7-b052-e7f18e532c67,cipher.love,expired,,,high,low,6,GoDaddy,24/07/2017 07:03,24/07/2026 23:59,07/10/2026 04:35
7394e888-0702-4bf4-9f01-db6ebb2acea5,snafu.vip,expired,,,medium,low,5,"GoDaddy.com, LLC",24/07/2019 18:56,24/07/2026 18:56,07/10/2026 04:35
6271ac13-3819-4b1d-b348-903012647436,twice.zone,expired,,,high,low,5,"GoDaddy.com, LLC",24/07/2023 07:48,24/07/2026 07:48,07/10/2026 04:34
8ba2db83-c1c1-4a0c-84a2-04080ad1ae7d,welfare.gg,expired,,,high,low,7,Donkeylogic Limited (https://delimited.solutions),,,
e88a717d-71ef-4a6c-bfbb-1978ae72f0d2,crystal.enterprises,expired,,,high,low,7,Dynadot Inc,26/07/2025 17:00,26/07/2026 17:00,07/10/2026 04:37
750d3101-6e1e-4ced-94ff-7255517d5288,pity.live,expired,,,high,low,4,CommuniGal Communication Ltd.,23/09/2025 15:16,23/09/2026 15:16,07/10/2026 05:04
b89107f0-45b0-487a-97ec-ac0e2984e052,smoked.de,expired,,,medium,low,6,,,,10/09/2026 11:53
20dc720f-5357-41fd-9976-0ea0fd1f254d,newton.now,expired,,,high,low,6,"Spaceship, Inc.",01/08/2025 11:22,01/08/2027 11:22,05/10/2026 04:57
cb6e9557-2718-4fe8-b4d3-8dd089462ed8,arts.nyc,expired,,,high,low,4,The City of NY Registrar,03/10/2016 17:09,02/10/2026 23:59,07/10/2026 05:10
1885ea30-8a8c-4d9a-988c-ed08e7f4b518,divine.travel,expired,,,high,low,6,Dynadot Inc,02/08/2025 02:33,02/08/2026 02:33,07/10/2026 04:42
f19423a7-20dd-40fa-87dd-e1045ccf4373,unwise.eu,expired,,,medium,low,6,Name: Aftermarket.pl Limited Website: https://aftermarket.pl,,,12/09/2026 22:42
da2c55fc-a978-4911-b9b7-8b340e4e7fab,adorable.site,expired,,,high,low,8,"GMO Internet Group, Inc. d/b/a Onamae.com",28/07/2025 03:52,28/07/2026 23:59,07/10/2026 04:39
3b49b2d4-6d70-40b5-a0f4-16cafce1371e,exotic.casa,expired,,,high,low,6,"NameCheap, Inc.",27/08/2025 10:01,27/08/2026 10:01,07/10/2026 04:52
988d186c-4f33-4bca-9821-56e2c71ca764,jewish.boston,expired,,,high,low,6,"NameSilo, LLC",09/09/2020 04:46,09/09/2026 04:46,07/10/2026 04:58
56e5a5f8-71f3-4a87-b1eb-b7e05cb068e3,pal.zone,expired,,,high,low,3,Dynadot Inc,30/07/2025 17:00,30/07/2026 17:00,07/10/2026 04:40
5eb9dc8a-3da0-45b6-8e7a-f32ac3a85d16,spectrum.supplies,expired,,,high,high,8,"NameCheap, Inc.",13/08/2018 13:55,13/08/2026 13:55,07/10/2026 04:47
561e7c04-bb34-4c53-83e7-1a64536197e8,tart.club,expired,,,medium,low,4,"GoDaddy.com, LLC",02/10/2022 19:27,02/10/2026 19:27,07/10/2026 05:10
cbfd275d-3382-40fe-88b7-22b89f9ed805,initiative.store,expired,,,high,low,10,Xin Net Technology Corporation,27/08/2024 08:16,27/08/2026 23:59,07/10/2026 04:52
f5dd22e1-1cb0-40f6-98b5-ed202ebf287d,rich.credit,expired,,,high,low,4,"Sav.com, LLC - 32",26/07/2025 15:16,26/07/2026 15:16,07/10/2026 04:37
3f236f01-d5e5-4532-b01c-69bba12ec1eb,bidding.uk,expired,,,high,low,7,"Dynadot, LLC t/a Dynadot",04/10/2023 13:00,04/10/2026 13:00,07/10/2026 05:12
a56d2649-e7d9-489d-99fb-7a697cb83952,baggy.cloud,expired,,,high,low,5,"HOSTINGER operations, UAB",10/08/2025 09:12,10/08/2026 09:12,07/10/2026 04:46
e2a4a42b-aa33-4137-8c01-b08f2d599a19,teachable.biz,expired,,,high,low,9,Danesco Trading Ltd.,13/09/2019 15:00,13/09/2026 15:00,07/10/2026 04:59
c072efb3-f3f2-4ba3-84ad-7231995db2ab,bluejays.it,expired,,,medium,low,8,,31/08/2010 23:06,30/09/2026 00:00,07/10/2026 05:08
6dc39150-b2e5-4857-8c45-1fa54f2164cf,roses.mx,expired,,,high,low,5,GoDaddy.com,11/09/2009 00:00,10/09/2026 00:00,07/10/2026 04:58
c67ae05e-984c-49f8-9b9b-3137eff4c0b4,belgian.tv,expired,,,medium,low,7,1API GmbH,14/08/2010 20:43,14/08/2026 20:43,07/10/2026 07:44
e8f6dffe-6749-4669-82cd-bfbd2bb7b338,cola.one,expired,,,high,low,4,IONOS SE,24/08/2019 13:44,24/08/2026 13:44,07/10/2026 04:51
cc3257df-d6ee-46aa-a251-377659c803eb,material.tv,expired,,,high,low,8,Dynadot Inc,16/09/2008 08:00,16/09/2026 08:00,07/10/2026 15:42
a5b11bd2-77e5-40e8-9967-f3be83c8f48b,nacho.uk,expired,,,high,low,5,Peter Morgan t/a Domain For sale pete@pete.co.uk,12/09/2020 22:53,12/09/2026 22:53,07/10/2026 04:59
3ac29a2b-d91e-491c-9263-eb07245d20ea,aide.team,expired,,,high,low,4,"Sav.com, LLC - 24",20/07/2025 15:15,20/07/2026 15:15,07/10/2026 04:31
96e27abd-9c03-4c16-8df5-adbb092445d9,together.gay,expired,,,high,medium,8,"NameCheap, Inc.",23/09/2025 16:39,23/09/2026 16:39,07/10/2026 05:04
7dbf78a5-9a25-4e25-b64e-fd7033498d1c,altered.tools,expired,,,high,low,7,"NameCheap, Inc.",06/08/2024 18:20,06/08/2026 18:20,07/10/2026 04:44
1c8bf73c-69a4-4bc3-86b1-6186fd080e45,walk.works,expired,,,high,low,4,Domain Science Kutatási Szolgáltató Korlátolt Felelősségű Társaság,25/09/2025 15:15,25/09/2026 15:15,07/10/2026 05:05
ac873c06-0d97-4264-9c87-a841bdc0d365,diabetes.biz,expired,,,high,low,8,"Spaceship, Inc.",05/10/2025 00:19,05/10/2026 00:19,07/10/2026 05:12
ba1590f8-d221-4921-9f32-0b930310f272,near.ink,expired,,,high,low,4,IONOS SE,25/09/2020 15:46,25/09/2026 23:59,07/10/2026 05:05
47032c17-babb-45df-995b-a3e1a088a4e0,challenge.red,expired,,,high,low,9,"Xiamen ChinaSource Internet Service Co., Ltd",03/08/2025 15:15,03/08/2026 15:15,07/10/2026 04:43
b2c87728-5901-4958-80cf-908976091042,upright.fit,expired,,,high,low,7,"NameCheap, Inc.",29/08/2025 16:53,29/08/2026 16:53,07/10/2026 04:53
91175426-2911-4e2f-bed0-3093592c4101,observe.tv,expired,,,high,low,7,Marcaria International LLC,02/10/2009 19:35,02/10/2026 19:35,07/10/2026 05:10
6e67f061-877e-481e-9d88-c39e61ce71f8,yawn.ing,expired,,,high,low,7,Porkbun LLC,23/07/2025 09:36,23/07/2026 09:36,07/10/2026 04:33
9ed94dea-2aec-45b3-b794-c8f4a91f9fd1,obscure.photos,expired,,,high,low,7,PDR Ltd. d/b/a PublicDomainRegistry.com,14/08/2019 06:40,14/08/2026 06:40,07/10/2026 04:47
4d4654e5-c9c7-4b48-a037-d152949ddd70,nicotine.win,expired,,,medium,low,8,"NameCheap, Inc.",01/10/2025 04:33,01/10/2026 04:33,07/10/2026 05:09
eae8abe2-2bae-4e16-99eb-fef59c793f47,boob.us,expired,,,medium,low,4,Zhuimi Inc,25/09/2020 00:02,25/09/2026 00:02,07/10/2026 05:04
b7eaccbd-77c8-42fc-bcdd-2e58cb2f4fa2,elevator.work,expired,,,high,low,8,"Spaceship, Inc.",04/10/2025 09:44,04/10/2026 09:44,07/10/2026 05:12
29d8524a-0431-49b0-976a-cd52aeb11a4f,underpressure.us,expired,,,high,high,14,"Spaceship, Inc.",12/09/2025 14:05,12/09/2026 14:05,07/10/2026 04:59
fb9c7e37-a9af-45da-bd8d-3a2bbcdbdfe2,corer.it,expired,,,high,high,5,,12/09/2016 09:03,28/09/2026 00:00,07/10/2026 05:06
7f67fab9-5d64-4c0a-8fe7-26600e2a0bd9,rca.uk,expired,,,high,medium,3,Garner Media Ltd,12/09/2020 00:38,12/09/2026 00:38,07/10/2026 04:59
fc392139-a8f1-4c53-8a52-aebf7e4baeda,unlimited.mx,expired,,,high,low,9,Registrar.eu,19/08/2020 00:00,19/08/2026 00:00,07/10/2026 04:49
40e1d148-7b3b-4a5c-9a33-36ac7f2ebebb,alertly.cv,expired,,,medium,low,7,Dynadot,18/09/2025 18:16,18/09/2026 18:16,07/10/2026 05:01
9bde1a07-0657-4388-9905-844ab812e019,fisk.surf,expired,,,medium,low,4,Realtime Register B.V.,03/09/2017 10:15,03/09/2026 10:15,07/10/2026 04:54
f2c71a8e-bbaf-4bce-8b55-017567148d5d,truelove.gay,expired,,,high,low,8,united-domains GmbH,16/09/2020 15:03,16/09/2026 23:59,07/10/2026 05:00
000819f2-1e31-49b0-9547-d480a6da19d8,lucy.health,expired,,,high,low,4,"Spaceship, Inc.",23/08/2025 01:29,23/08/2026 01:29,07/10/2026 04:51
af643216-6bd0-402f-8eff-263c7de74704,pseudo.club,expired,,,high,low,6,"Spaceship, Inc.",23/07/2025 20:39,23/07/2026 20:39,07/10/2026 04:34
4bf56b91-0817-42b1-9c0a-f77560d1059c,load.cloud,expired,,,high,low,4,NAMECHEAP,20/08/2025 00:53,20/08/2026 00:53,07/10/2026 04:49
5a4160c4-3a53-413f-8d03-6dcd802318e7,runic.us,expired,,,high,low,5,"Cloudflare, Inc.",06/10/2025 03:25,06/10/2026 03:25,07/10/2026 05:13
e3cfe83d-9f36-4c62-9879-b3069a35bb1c,infra.cam,expired,,,high,low,5,Dynadot Inc,29/07/2025 16:53,29/07/2026 23:59,07/10/2026 04:40
b06d8145-5031-4816-b1a7-154f1a83e3bf,p.ink,expired,,,high,low,4,"NameCheap, Inc.",12/09/2025 20:48,12/09/2026 20:48,07/10/2026 04:59
ea77c83d-11e1-4550-b14a-109b64be2e91,pub.fm,expired,,,high,low,3,Dynadot Inc,11/08/2016 12:28,11/08/2026 23:59,07/10/2026 04:47
d4e52933-3981-44d8-8d32-42c52d1dcca0,asap.nyc,expired,,,high,low,4,Hello Internet Corp.,03/10/2014 15:54,02/10/2026 23:59,07/10/2026 05:10
a76bf686-714e-4c55-8959-63bdbedab197,music.gmbh,expired,,,high,medium,5,IONOS SE,11/09/2025 17:33,11/09/2026 17:33,07/10/2026 04:58
0816bf8f-111d-4a76-8a1d-4b8e7b1f5834,inka.us,expired,,,high,low,4,"Spaceship, Inc.",07/10/2021 00:11,07/10/2026 00:11,07/10/2026 05:17
03b00bb7-9406-4465-acd3-70fa5accff11,notes.technology,expired,,,high,low,5,Dynadot Inc,30/07/2025 17:00,30/07/2026 17:00,07/10/2026 04:40
75230d1b-3046-4fa2-a572-11b2f8262437,eponymous.so,expired,,,high,low,9,,,,
3f4d2dae-a3f0-4cdc-be8c-45ab0b080c7d,adjunct.services,expired,,,high,low,7,"GoDaddy.com, LLC",06/08/2025 19:21,06/08/2026 19:21,07/10/2026 04:44
3c988132-103f-427a-a16a-2987bf903026,lets.fit,expired,,,high,low,4,"Spaceship, Inc.",03/10/2023 00:30,03/10/2026 00:30,07/10/2026 05:11
85bee3f1-fcd2-4f23-95dc-7fbe0ef1fdf6,resume.dating,expired,,,high,low,6,Domain Science Kutatási Szolgáltató Korlátolt Felelősségű Társaság,02/10/2025 15:16,02/10/2026 15:16,07/10/2026 05:10
e0d77471-307e-4568-b07e-31b6bd54fe2f,jurassic.us,expired,,,high,low,8,"Spaceship, Inc.",20/09/2021 02:58,20/09/2026 02:58,07/10/2026 05:02
3778bb6c-9349-4cec-b10b-5058a7e6b08e,proper.investments,expired,,,high,low,6,Domain Science Kutatási Szolgáltató Korlátolt Felelősségű Társaság,07/09/2025 15:15,07/09/2026 15:15,07/10/2026 04:56
40f77da4-23b4-4d54-aba6-4483e4a66a23,preferences.it,expired,,,high,low,11,,11/09/2011 22:21,26/09/2026 00:00,07/10/2026 05:05
0ab1aa51-a2bb-4c1d-9f99-73eb10ab8b5c,wheatgrass.net,expired,,,high,high,10,"NameSilo, LLC",06/10/2025 18:18,06/10/2026 18:18,07/10/2026 05:15
9e1e82f8-fbe1-4b7c-b5da-80adec312a17,milk.casino,expired,,,high,low,4,"NameCheap, Inc.",25/07/2025 08:48,25/07/2026 08:48,07/10/2026 14:22
f0c763c4-4956-4cea-a8e4-f94bb5070ae6,pyramid.money,expired,,,high,low,7,Dynadot Inc,04/08/2025 17:00,04/08/2026 17:00,07/10/2026 04:43
989d28e4-1d9d-47d9-be50-725b5ca9ca20,ads.uk,expired,,,high,medium,3,Bonus Media Ltd,06/10/2014 22:12,06/10/2026 22:12,07/10/2026 05:15
ad04faa2-abf5-4917-b942-e0ae8802fce6,impolite.de,expired,,,medium,low,8,,,,21/08/2026 22:43
27489933-6fd9-42b3-abb4-963937205839,opens.at,expired,,,high,low,5,EPAG Domainservices GmbH ( https://nic.at/registrar/372 ),,,18/09/2026 23:02
4c4c28da-cd51-4786-b313-ee905fc047c3,zillion.forum,expired,,,high,low,7,"Spaceship, Inc.",27/07/2025 07:18,27/07/2026 07:18,07/10/2026 04:38
3e77ff59-9433-45c0-9f34-ca442844ad59,movement.ltd,expired,,,high,low,8,Dynadot Inc,29/07/2025 17:00,29/07/2026 17:00,07/10/2026 04:40
bf5b08b3-c693-45fd-bfca-78100286f1a9,hypothesis.it,expired,,,high,low,10,,13/09/2012 05:25,28/09/2026 00:00,07/10/2026 08:20
a5b0283a-6793-498b-bd26-c3203cd6b6cb,trusted.beer,expired,,,high,medium,7,"Spaceship, Inc.",11/08/2025 17:56,11/08/2026 17:56,07/10/2026 04:47
228051c4-7577-419c-aa46-48d5653efbc2,wishes.quest,expired,,,medium,low,6,Porkbun LLC,23/07/2025 02:57,23/07/2026 23:59,07/10/2026 04:34
b21c6a9b-2aba-4e19-a2e6-d57ae1d55979,banked.biz,expired,,,medium,low,6,OVH sas,08/09/2025 17:10,08/09/2026 17:10,07/10/2026 04:57
66d610cd-9800-4b91-b36c-8db0f332a91b,sneak.cfd,expired,,,high,low,5,"Global Domains International, Inc. DBA DomainCostClub.com",04/08/2024 11:00,04/08/2026 23:59,07/10/2026 04:44
d3b7ffee-4e88-4f08-be06-aff0d34c3b71,insanely.club,expired,,,medium,low,8,"Wild West Domains, Inc.",28/09/2022 13:47,28/09/2026 13:47,07/10/2026 05:07
4dea6424-3bcd-461a-b486-fa3029ae7b2f,nga.it,expired,,,medium,low,3,,24/10/2000 00:00,25/09/2026 00:00,07/10/2026 05:04
bcc62077-68c3-491f-8561-645a15462001,radically.io,expired,,,high,low,9,Porkbun LLC,26/07/2025 00:26,26/07/2026 00:26,07/10/2026 04:36
40f9bcdb-583d-4839-beeb-770f74063587,effective.design,expired,,,high,low,9,PDR Ltd. d/b/a PublicDomainRegistry.com,20/09/2025 06:01,20/09/2026 06:01,07/10/2026 05:02
6741b0ae-2c31-49f6-9e0c-8b30f17d9296,seven.beer,expired,,,high,medium,5,"NameCheap, Inc.",18/09/2025 01:34,18/09/2026 01:34,07/10/2026 05:01
a24355e5-f411-413b-9a3b-5c28a405f4dc,stoic.fyi,expired,,,high,low,5,"GoDaddy.com, LLC",29/07/2025 15:01,29/07/2026 15:01,07/10/2026 04:39
78ed5743-6e15-4b6b-ab23-270c39094007,juarez.so,expired,,,high,high,6,,,,
70729c74-aa9d-46e1-99d0-8dd37b96ac51,strawberry.tv,expired,,,high,low,10,Epik LLC,13/09/2010 17:41,13/09/2026 17:41,07/10/2026 04:59
80e8445e-3083-4e5c-9a3c-434233e46f2c,investigates.it,expired,,,medium,low,12,,13/09/2011 01:24,28/09/2026 00:00,07/10/2026 05:06
24cd4f52-7fb4-4871-9537-be62006e6ee7,winning.studio,expired,,,high,low,7,CommuniGal Communication Ltd.,05/09/2025 15:15,05/09/2026 15:15,07/10/2026 04:55
7807c9a2-f698-49ab-8221-fb4be97e6416,meas.design,expired,,,medium,low,4,"Chengdu West Dimension Digital Technology Co., Ltd.",26/08/2025 15:17,26/08/2026 15:17,07/10/2026 04:52
17f53d48-59a5-4aa4-a825-eceaf8654603,lingo.cx,expired,,,medium,low,5,CentralNic Ltd,08/10/2025 09:36,08/10/2026 09:36,07/10/2026 05:22
440d8350-5830-4da9-b0db-83b7038d0827,symbiotic.work,expired,,,high,low,9,"Spaceship, Inc.",11/09/2025 19:34,11/09/2026 19:34,07/10/2026 04:58
16c883db-38b0-4483-a8d3-a612b799b3f1,finals.us,expired,,,high,low,6,Dynadot Inc,01/10/2025 09:29,01/10/2026 09:29,07/10/2026 05:09
8e945abe-ed34-4806-b55b-e54f324b980d,godhead.it,expired,,,medium,low,7,,24/09/2021 16:00,24/09/2026 00:00,07/10/2026 05:04
962b6b84-699d-4541-b0d1-121c10468e84,carven.casa,expired,,,medium,low,6,"NameCheap, Inc.",24/07/2025 15:29,24/07/2026 15:29,07/10/2026 04:35
f1d44a1c-39b5-4d8e-94c2-73efa6eba75f,barbecues.org,expired,,,medium,low,9,DropCatch.com 757 LLC,07/08/2023 15:16,07/08/2026 15:16,07/10/2026 04:45
4e1e39a1-6ef7-4f0b-a3d3-fecf2954b4ba,nexus.nyc,expired,,,high,medium,5,Dynadot Inc,16/09/2025 06:48,16/09/2026 06:48,07/10/2026 05:00
f2696186-2555-444d-9552-6999852e007c,vertical.clinic,expired,,,high,low,8,Dynadot Inc,07/08/2025 01:48,07/08/2026 01:48,07/10/2026 04:45
736631e1-3b5f-465a-940d-d3254c95fc55,genius.porn,expired,,,high,medium,6,"NameCheap, Inc.",01/09/2025 23:22,01/09/2026 23:22,07/10/2026 04:54
1ffdcf46-b258-41a0-90a8-1311265cb5bd,acetone.uk,expired,,,medium,low,7,Sirius Telecom Ltd,10/09/2020 17:25,10/09/2026 17:25,07/10/2026 04:58
64add3b0-f5cc-43fa-a240-f9500a24f0ae,prove.us,expired,,,high,low,5,Rebel.ca Corp.,24/09/2013 18:03,23/09/2026 23:59,07/10/2026 05:04
5b620636-7fd5-424b-9f55-09c308b01a2c,nonobjective.it,expired,,,high,high,12,,,,
d56725da-4810-41c1-81d3-db2df5e452ea,spartan.one,expired,,,high,low,7,"Spaceship, Inc.",03/10/2023 02:28,03/10/2026 02:28,07/10/2026 05:11
76a97155-bbc0-4b41-b61b-8649fe129a7e,world.men,expired,,,high,medium,5,"GoDaddy.com, LLC",16/09/2015 15:00,16/09/2026 15:00,07/10/2026 05:00
ca26478f-ed14-426c-9f70-574492a6e546,spacy.club,expired,,,high,medium,5,"GoDaddy.com, LLC",13/08/2024 08:40,13/08/2026 08:40,07/10/2026 04:47
ebb810be-c30e-4544-a11f-0c8e43af3ae2,silly.pro,expired,,,high,low,5,Epik LLC,04/08/2018 10:35,04/08/2026 10:35,07/10/2026 04:43
619c202f-de62-4910-b6aa-994ac3852620,explanatorily.it,expired,,,low,low,13,,,,
74a81628-d133-411f-89d6-39e67d657a86,brit.cn,expired,,,high,low,4,厦门易名科技股份有限公司,,,11/08/2026 04:52
3fddece0-2173-42de-95da-b6b9628f7312,therein.us,expired,,,high,low,7,"GoDaddy.com, LLC",28/09/2025 03:06,28/09/2026 03:06,07/10/2026 05:07
1f7f2d6f-dfff-4c03-9c12-e1702f185a0a,cloud.earth,expired,,,high,medium,5,Dynadot Inc,25/09/2025 20:00,25/09/2026 20:00,07/10/2026 05:05
a02f5b3a-e426-4b0b-9551-27300b44cbe8,topnotch.fun,expired,,,high,low,8,Dynadot Inc,20/08/2024 17:12,20/08/2026 23:59,07/10/2026 04:50
bf26a30b-fab7-401d-86dc-022213201405,career.miami,expired,,,high,low,6,"NameCheap, Inc.",19/08/2025 14:15,19/08/2026 14:15,07/10/2026 04:49
e410a0f6-8fcd-4234-b215-9a9c491111e6,joan.it,expired,,,high,low,4,,29/09/2021 16:00,29/09/2026 00:00,07/10/2026 05:07
df5247ef-370a-4405-bbed-e838255d58a1,masters.energy,expired,,,high,low,7,Dynadot Inc,29/07/2025 17:00,29/07/2026 17:00,07/10/2026 04:39
02ff6f67-a950-4b70-8b12-e8ce3ac47bd4,research.training,expired,,,high,medium,8,Porkbun LLC,03/08/2022 13:15,03/08/2026 13:15,07/10/2026 05:20
9c825027-eb8b-4bdb-af35-f0de7985c84c,option.it,expired,,,high,low,6,,03/10/2003 00:00,03/10/2026 00:00,07/10/2026 05:11
29de8fb1-9f31-4a16-943f-f445fbb9093a,after.store,expired,,,high,low,5,"GoDaddy.com, LLC",06/08/2025 17:28,06/08/2026 23:59,07/10/2026 04:44
fee5537a-5ba6-4270-af9c-d688413564b6,emergency.homes,expired,,,high,low,9,Dynadot Inc,28/07/2025 00:20,28/07/2026 23:59,07/10/2026 04:39
9b90e7b7-deb6-45f0-a2c1-052b99218a6c,susanne.xxx,expired,,,high,low,7,1API GmbH,31/08/2021 20:36,31/08/2026 20:36,07/10/2026 04:53
ede9fe69-9e1b-4413-a9dd-5c80734e8ef0,glia.at,expired,,,high,low,4,Ledl.net GmbH & Co. KG ( https://nic.at/registrar/32 ),,,07/10/2026 06:57
c61c554e-9f0e-4f13-ba32-cbc82291217b,finicky.moe,expired,,,medium,low,7,Gandi SAS,21/08/2024 11:19,21/08/2026 11:19,07/10/2026 04:50
b22567cc-7c87-4962-8c26-2de6c878f6a0,appeal.one,expired,,,high,low,6,IONOS SE,02/10/2019 18:44,02/10/2026 18:44,07/10/2026 05:10
1a3072cf-ed49-4d1e-9e2d-4b7b54769330,curved.it,expired,,,high,low,6,,20/09/2012 10:00,03/10/2026 00:00,07/10/2026 05:10
14497187-8102-4467-bc45-6c1a8fa802a0,polished.it,expired,,,high,low,8,,12/09/2013 09:00,30/09/2026 00:00,07/10/2026 05:09
a3d10148-0874-418c-94db-b50fa492683e,aflame.beer,expired,,,medium,low,6,"NameCheap, Inc.",25/07/2025 15:26,25/07/2026 15:26,07/10/2026 04:36
bc039c74-548b-40c4-b61c-30abcbc3b0e7,mountains.digital,expired,,,medium,low,9,united-domains GmbH,20/07/2018 10:10,20/07/2026 10:10,07/10/2026 04:31
fcec18c8-4d24-4e89-b4b9-c3d94068c949,nebulizer.uk,expired,,,medium,low,9,ANY-Web Limited,04/10/2018 09:28,04/10/2026 09:28,07/10/2026 05:12
4e5afb10-a2c0-44b9-bbae-7e7e2cea56d8,anabolic.club,expired,,,high,low,8,"GoDaddy.com, LLC",08/08/2019 15:17,08/08/2026 15:17,07/10/2026 04:45
9cd83ea9-bb20-4743-961b-a6bcb8070603,mute.party,expired,,,high,low,4,Porkbun,25/07/2024 07:55,25/07/2026 07:55,07/10/2026 04:36
7419f0b1-070b-48f2-bc88-dad941dd17ba,mono.buzz,expired,,,high,medium,4,"GoDaddy.com, LLC",17/09/2020 17:19,17/09/2026 17:19,07/10/2026 05:01
42b3ad10-b541-4f07-963a-ff680195d1eb,touchstone.it,expired,,,high,low,10,,23/09/2019 16:00,23/09/2026 00:00,07/10/2026 05:03
ffb02e29-127b-486c-a9e6-fe4fdeea48a3,fourth.site,expired,,,high,low,6,"GMO Internet Group, Inc. d/b/a Onamae.com",15/08/2025 17:42,15/08/2026 23:59,07/10/2026 04:48
fc029888-aea5-4651-9077-a76b06f71bd2,corporate.technology,expired,,,high,low,9,"Sav.com, LLC - 13",02/08/2025 15:15,02/08/2026 15:15,07/10/2026 04:42
cf6081a4-11f0-4f45-b46a-85f4d47c5c93,unitary.it,expired,,,high,low,7,,31/08/2010 07:43,30/09/2026 00:00,07/10/2026 05:08